Name;Changement climatique (kg CO2 eq/kg de produit)
Aromatic stock cube, for fish, dehydrated;7,58
Topping sauce for pizza;0,94
"Soy ""cream"" preparation";1,17
Seaweed, agar, raw;11,8
Sea lettuce (Enteromorpha sp.), dried or dehydrated;11,8
North Atlantic rockweed (Ascophyllum nodosum), dried or dehydrated;11,6
Dulse (Palmaria palmata), dried or dehydrated;11,6
Toothed wrack or bladder wrack (Fucus serratus et vesiculosus), dried or dehydrated;11,6
Gracilaria seaweeds (Gracilaria verrucosa), dried or dehydrated;11,8
Sea thong (Himanthalia elongata), dried or dehydrated;11,6
Tangle (Laminaria digitata), dried or dehydrated;11,6
Kombu or Japanese kelp (Laminaria japonica), dried or dehydrated;11,8
Sea belt (Saccharina latissima), dried or dehydrated;11,8
Sea lettuce (ulva sp.), dried or dehydrated);11,6
Carragheen mosses (Chondrus crispus), dried or dehydrated;11,6
Laver (Porphyra sp.), dried or dehydrated;11,8
Spirulina, (spirulina sp.), dried;11,8
Wakame (Undaria pinnatifida), dried or dehydrated;11,8
Atlantic wakame (Alaria esculenta), dried or dehydrated;11,6
Mustard;1,59
Mustard, with grains;1,59
Olive, green, stuffed (anchovy, sweet peppers, etc?);1,17
Tapenade (a puree of capers, pitted black olives, anchovy and herbs, with olive oil and lemon juice;1,62
Vinegar;0,96
Vinegar, balsamic;0,96
Vinegar, cider;0,841
Meal replacement low calorie, Custard cream dessert-type;2,66
Meal replacement low calorie, in powder, reconstituted with skimmed milk;2,66
Meal replacement low calorie, in powder, reconstituted with skimmed milk, milkshake type;2,66
Meal replacement low calorie, ready-to-drink;2,66
Cinnamon, powder;9,4
Cardamom, powder;9,4
Caraway, seed;9,4
Cloves;9,39
Coriander, seed;2,13
Cumin, seed;9,4
Turmeric, powder;9,4
Curry, powder;9,4
Fennel, seed;2,13
Fenugreek, seed;9,4
Ginger, powder;2,02
Ginger, raw;0,494
Bay, leaves;1,87
Nutmeg;2,23
Paprika;9,4
Poppy, seed;2,9
White pepper, powder;9,4
Cayenne pepper;9,4
Black pepper, powder;9,4
Mix of 4 spices;6,4
Saffron;9,4
Vanilla, alcoholic extract;4,38
Vanilla, aqueous extract;4,38
Garlic, powder, dried;1,77
Garlic, fresh;0,383
Dill, fresh;0,879
Basil, fresh;0,879
Basil, dried;2,58
Chervil, fresh;0,879
Chive or spring onion, fresh;0,739
Coriander, fresh;1,03
Tarragon, fresh;0,735
Provence herbs, dried;2,58
Marjoram, dried;2,58
Molokhia powder (dried jute leaves);2,18
Mint, fresh;0,735
Oregano, dried;2,58
Parsley, fresh;1,12
Parsley, dried;4,34
Horseradish, fresh;0,741
Rosemary, fresh;0,879
Rosemary, dried;2,58
Savory, dried;2,58
Sage, fresh;0,879
Sage, dried;2,58
Thyme, fresh;0,879
Thyme, dried;2,58
cream sauce for pizza base;2,36
Tomato sauce for pizza base;0,98
Sodium bicarbonate;1,61
Gelatine, dried;2,62
Soy lecithin;5,4
Baking powder or raising agent;2,11
Miso;1,21
Syrup, agave;5,63
Syrup, maple;2,3
Light syrup for canned fruits in syrup;0,934
Syrup for canned fruits in syrup;0,934
Oat bran;0,589
Wheat bran;0,372
Maize/corn bran;0,397
Rice bran;1,11
Tempeh;2,37
Light custard cream with vanilla, prepacked;1,81
Guacamole, prepacked;1,64
Harissa (hot spicy sauce), prepacked;1,36
Hummus;1,11
Ketchup;1,19
Mayonnaise (70% fat and more);2,69
Mayonnaise, reduced fat or light mayonnaise;2,69
Cream sauce;2,61
Cream sauce with spices;2,39
Cream sauce with herbs;2,39
Cream sauce with shallots, prepacked;2,37
Sweet and sour sauce, prepacked;1,23
Aioli sauce (garlic and olive oil mayonnaise), prepacked;1,64
American-style sauce, prepacked;3,9
Armorican-style sauce, prepacked;3,91
White butter sauce, prepacked;4,63
Sauce, butter, prepacked;4,63
Chocolate sauce;6,88
Curry sauce, prepacked;1,07
Cheese sauce for risotto or pasta, prepacked;4,17
Green pepper sauce, prepacked;1,44
Sauce, pepper, prepacked;2,03
Sauce, pepper, prepacked;2,02
Roquefort (blue cheese) sauce, prepacked;4,63
Red wine sauce;1,64
Yogurt sauce;1,68
Cream sauce with mushrooms, prepacked;4,44
Mushroom sauce, prepacked;4,13
Barbecue sauce, prepacked;1,41
Basque-style sauce or tomato sauce with sweet peppers, prepacked;1,24
Bearnaise sauce, prepacked;5,13
Bechamel sauce, home-made;2,33
Bechamel sauce, prepacked;2,33
Burgundy-style sauce, prepacked;2,59
Burger sauce, prepacked;2,68
Carbonara sauce (cream sauce with lardoons), prepacked;5,24
Hunter-style sauce (a garnish of mushrooms, shallots and tomatoes in white wine sauce), prepacked;2,5
Salad dressing, reduced fat, prepacked;2,63
Salad dressing, prepacked;2,63
Grand veneur sauce (a reduction of red wine with garlic, shallots and red currant jelly), prepacked;2,6
Hollandaise sauce, prepacked;6,29
Indian-style sauce, tandoori or garam masala type, prepacked;1,58
Kebab sauce, prepacked;2,24
Madeira wine sauce, prepacked;5,48
Mustard sauce prepacked;2,31
Nuoc mam sauce or fish sauce, prepacked;1,06
Sauce, pesto rosso, prepacked;2,88
Sauce, pesto, prepacked;2,88
Mayonnaise flavoured with garlic, chilli pepper and fish broth, prepacked;2,33
Soy sauce, prepacked;0,995
Tartare sauce, prepacked;2,02
Tomato sauce, with meat or Bolognese sauce, prepacked;13,2
Tomato sauce, w cheese, prepacked;1,8
Tomato sauce, w mushrooms, prepacked;1,77
Tomato sauce, with onions, prepacked;1,47
Tomato sauce, w olives, prepacked;1,46
Tomato sauce, w vegetables, prepacked;1,5
Vegetable Bolognese sauce;1,2
Salad dressing, (50-75% of oil), prepacked;2,36
Pure sea salt, no enrichment;0,632
Celery salt;0,632
Salt, white, for human consumption (sea, igneous or rock), iodine added, no other enrichment;0,632
Salt, white, for human consumption (sea, igneous or rock), no enrichment;0,632
Sea salt, grey, no enrichment;0,632
Biscuit for baby;3,03
Instant cereal (powder to be reconstituted) for baby from 4/6 months;2,2
Instant cereal (powder to be reconstituted) for baby from 6 months;2,2
Instant cereal for baby from 4/6 months, rehydrated with milk at consumer step;0,911
Instant cereal for baby from 6 months, rehydrated with milk at consumer step;0,911
Dairy dessert for baby, with rice or semolina;2,49
Dairy dessert for baby, plain with sugar or with fruits;2,49
Dairy dessert for baby, custard type;2,49
Baby food jar with banana;1,57
Baby food jar without banana;1,57
Fruit-based beverage for baby from 4/6 months;0,819
Dairy cereal-based beverage with fruits for baby's snack from 4/6 months;0,851
Dairy cereal-based beverage with vegetables for baby's dinner from 4/6 months;0,863
Dairy cereal-based beverage for baby's breakfast;0,863
Dairy cereal-based beverage for baby's breakfast from 12 months;0,863
Dairy cereal-based beverage for baby's breakfast from 4/6 months;0,863
Dairy cereal-based beverage for baby's breakfast from 8/9 months;0,863
Baby milk, first age, powder, non rehydrated;8,05
Baby milk, first age, powder, rehydrated at consumer;1,09
Baby milk, first milk, ready to feed;0,795
Baby milk, second age, powder, non rehydrated;8,05
Baby milk, second age, powder, rehydrated at consumer;1,09
Baby milk, follow on milk, ready to feed;0,795
Baby milk, growing up milk, ready to feed;0,683
Baby milk, growing up milk, powder, rehydrated with water at consumer step;1,09
Baby food jar with vegetables and starch, from 4-6 months;1,21
Baby food jar with vegetables, from 4-6 months;1,21
Vegetable dish for baby, with milk/cream and starch, from 12 months;1,21
Vegetable dish for baby, with milk/cream and starch, from 18 months;1,21
Vegetable dish for baby, with milk/cream and starch, from 6-8 months;1,21
Vegetable dish for baby, with milk/cream and starch, from 8-12 months;1,21
Vegetable dish for baby, w meat/fish and starch, from 12 months;2,25
Vegetable dish for baby, w meat/fish and starch, from 18 months;2,25
Vegetable dish for baby, w meat/fish and starch, from 6-8 months;2,25
Vegetable dish for baby, w meat/fish and starch, from 8-12 months;2,25
Vegetable dish for baby, with starch, from 6-8 months;1,09
Soup for baby, with vegetables and potatoes;0,797
Soup for baby, with vegetables, cereals and milk;0,86
Pure alcohol;1,26
Wine-based aperitif;1,31
Beer, regular (4-5ø alcohol);1,35
"Beer, ""specialty"", from abbey or regional (varying alcohol content)";1,35
Beer, special (5-6ø alcohol);1,35
Beer, dark;1,35
Beer, low alcohol-content (3ø alcohol);1,35
Beer, strong (>8ø alcohol);1,35
Beer, alcohol-free (<1,2ø alcohol);1,35
Champagne;2,23
Flavoured cider;1,33
Cider, half-dry;1,33
Cider, dry;1,33
Cider, sweet;1,33
Cider;1,33
Rum-based cocktail;1,1
Whiskey-based cocktail;1,05
Cocktail, alcohol-free (juices and syrup-based cocktail);1,13
Cocktail, punch type, 16% alcohol;1,25
Blackcurrant liqueur;1,74
Clear fruit brandy or eau-de-vie;1,25
Spirit made from wine, armagnac or cognac type;1,26
Gin;1,26
Kir (Cocktail of white wine with red fruit liqueur);1,55
Champagne kir (Cocktail of champagne with red fruit liqueur);1,56
Liqueur;1,59
Marsala wine;1,22
Shandy (beer + lemonade);1,23
Shandy, prepacked (<1ø alcohol);1,23
Pastis (anise-flavoured spirit);1,26
Sparkling fruit wine;2,14
Rum;1,26
Sake or rice wine;1,26
Sangria;1,36
Wine, white, sparkling;2,14
Wine, white, sparkling, flavoured;2,14
Wine, white, dry;1,5
Wine, white, sweet;1,35
Wine, rose;1,46
Wine, red;1,27
Vodka;1,26
Whisky;1,26
Oat-based drink, plain, prepacked;0,566
Rice-based drink, plain;0,382
Coconut water;0,836
Coconut-based drink, plain, prepacked;1,21
Almond drink not sweet, not fortified, prepacked;0,381
Bottled water, flavoured, without sugar and with artificial sweeteners;0,377
Bottled water, flavoured, without sugar and artificial sweeteners;0,377
Bottled water, flavoured, w sugar;0,377
Fruit juice with milk;1,01
Soy drink, flavoured, with sugar;0,435
Soy drink, flavoured, enriched in calcium, w sugar or fruit concentrate;0,435
Soy drink, plain, prepacked;0,427
Soy drink, plain, fortified with calcium;0,435
Still soft drink with tea extract, flavoured, without sugar and with artificial sweeteners;0,419
Still soft drink with tea extract, flavoured, with sugar;0,419
Still soft drink with tea extract, with sugar and artificial sweetener(s);0,419
Instant cocoa or chocolate beverage, with sugar, fortified with vitamins and chemical elements, ready-to-drink (reconstituted with standard semi-skimm;1,4
Instant cocoa or chocolate beverage, with sugar, ready-to-drink (reconstituted with standard semi-skimmed milk);1,4
Energy drink, without sugar and with artificial sweetener(s);0,685
Energy drink, with sugar;0,685
Fruit soft drink, carbonated (less than 10% of fruit juice), without sugar and with artificial sweetener(s);0,377
Fruit soft drink, carbonated (less than 10% of fruit juice), without sugar and artificial sweetener(s);0,377
Fruit soft drink, carbonated (less than 10% of fruit juice), with sugar;0,409
Fruit soft drink, carbonated (less than 10% of fruit juice), with sugar and artificial sweetener(s);0,409
Fruit soft drink, carbonated (10-50% of fruit juice), with sugar;0,409
Soft drink, carbonated, without fruit juice, with sugar;0,493
Soft drink, carbonated, without fruit juice, with sugar and artificial sweetener(s);0,493
Strawberry flavoured milk, with sugar, partially skimmed, fortified with vitamins D;1,51
Chocolate flavoured milk, with sugar, partially skimmed, fortified with vitamins and chemicals elements;1,51
Fruit soft drink, still (10-50% of fruit juice), reduced sugar;0,566
Fruit soft drink, still (10-50% of fruit juice), with sugar;0,566
Fruit soft drink, still (less than 10% of fruit juice), with sugar;0,566
Fruit soft drink, still (fruit juice content unspecified), with sugar;0,566
Fruit soft drink, still (less than 10% of fruit juice), without sugar and with artificial sweetener(s);0,377
Syrup (mint, strawberries flavouredetc.), with sugar diluted in water;0,125
Cocoa powder, without sugar, powder, instant, non rehydrated;29,1
Coffee with milk or white coffee or cappuccino, instant coffee or not, without sugar, ready-to-drink;0,535
Decaffeinated instant coffee, without sugar, ready-to-drink;1,63
Decaffeinated not instant coffee, without sugar, ready-to-drink;0,683
Espresso coffee, not instant coffee, without sugar, ready-to-drink;0,635
Instant coffee, without sugar, ready-to-drink;1,53
Coffee, ground;8,4
Not instant coffee, without sugar, ready-to-drink;0,635
Mix of chicory and coffee, instant, without sugar, ready-to-drink (reconstituted with water);4,48
Mix of chicory and coffee, instant, without sugar, ready-to-drink (reconstituted with standard semi-skimmed milk);2,24
Instant chicory, without sugar and artificial sweeteners, ready-to-drink (reconstituted with standard semi-skimmed milk);1,37
Chicory, powder, instant, non rehydrated;7,87
Chicory, powder, instant, ready-to-drink;0,166
Lemon or lime base, for beverage, without sugar (to be diluted);0,596
Cola, without sugar and with artificial sweetener(s);0,493
Cola, without sugar, with artificial sweetener(s) and with caffeine;0,493
Cola, with sugar;0,493
Cola, with sugar and artificial sweetener(s);0,493
Cola, with sugar and without caffeine;0,493
Lemonade with a flavoured syrup;0,55
Pineapple juice, reconstituted from a concentrate;0,933
Pineapple juice, pure juice;1,25
Beetroot juice, pure juice;0,767
Carrot juice, pure juice;0,477
Lemon juice, pure juice;0,837
Mixed red fruits juice, pure juice;0,715
Mango juice, fresh;0,56
Grapefruit juice, pure juice;1,06
Apple juice, pure juice;0,567
Grape juice, pure juice;0,58
Tomato juice, pure juice (average);0,634
Orange juice, reconstituted from a concentrate;0,906
Orange juice, home-made;1,6
Mixed fruits juice, orange based, multivitamin;0,797
Fruit juice, mixed - apple base, standard;0,74
Mixed fruits juice, reconstituted from a concentrate, multivitamin;0,882
Mixed fruits juice, pure juice, multivitamin;0,882
Mixed fruits juice, pure juice;0,882
Coconut milk or coconut cream;0,682
Lemonade, without sugar, with artificial sweetener(s);0,493
Lemonade, with sugar;0,493
Lemonade, with sugar and artificial sweetener(s);0,493
Apricot nectar;0,563
Banana nectar;0,608
Mango nectar;0,657
Peach nectar;0,579
Pear nectar;0,486
Orange nectar;0,693
Mixed fruits nectar, multivitamin;0,888
Mixed fruits nectar;0,888
Syrup, with sugar (to be diluted);0,833
Smoothie;0,738
Tea, brewed, without sugar;0,0436
Black tea, brewed, without sugar;0,0436
Oolong tea, brewed, without sugar;0,0436
Green tea, brewed, without sugar;0,0436
Infusion, brewed, without sugar;0,0436
Tonic drink, without sugar, with artificial sweetener(s);0,493
Tonic drink, with sugar;0,493
Tonic drink, with sugar and artificial sweetener(s);0,493
Tap water;0,000342
Water, bottled;0,321
Meat, poultry or fish fritters, home-made;3,88
Vol-au-vent, with meat/poultry/quenelle;4,71
Vol-au-vent with fish and seafood;8,81
Fritter, filled with potatoes (filo pastry);3,11
Fritter, filled with eggs (filo pastry);3,11
Fritter, filled with beef (filo pastry);3,11
Fritter, filled (filo pastry) (garnish : shrimps, vegetables, poultry, meat, etc.);3,11
Savoury cake (with cheese, vegetables, meat, fish, poultry,etc.);4,14
Croissant filled with ham;4,56
Croissant filled with ham and cheese;4,56
Fish or seafood in puff pastry;4,69
Snails in puff pastry;3,87
Meat in puff pastry;14,3
Cheese in puff pastry;4,38
Ham and cheese in puffed pastry;5,8
Egg roll or Nem;2,92
Egg roll or Nem, with pork, cooked;2,92
Egg roll or Nem, with chicken, cooked;2,92
Egg roll or Nem, with shrimp and/or crab, cooked;2,92
Spring roll;2,87
Beef samosas or samoosas;24,8
Chinese specialty or dumplings;11,4
Burritos;8,71
Crepe or buckwheat crepe, filled with scallops;5,39
Crepe or buckwheat crepe, filled with egg, ham and cheese;3,83
Crepe or buckwheat crepe, filled with fish and/or seafood;3,1
Crepe or buckwheat crepe, filled with mushrooms and bechamel sauce;3,68
Crepe or buckwheat crepe, filled with mushrooms and bechamel sauce, cooked;4,32
Crepe or buckwheat crepe, filled with cheese and bechamel sauce;2,71
Crepe, filled with ham;4,32
Crepe or buckwheat crepe, filled with cheese, ham and bechamel sauce;4,32
Crepe or buckwheat crepe, filled with cheese, ham, mushrooms and bechamel sauce;4,66
Fajitas;2,37
Ham and mushroom pancake in cheese sauce;5,53
Flamed tart (thin-crusted onion tart with cream and lardoons);2,94
Pastilla, filled with chicken (pie);3,57
Pizza, onion anchovy and black olives;2,06
Pizza, four cheeses;3,63
Pizza, bolognese-style w meat;7,93
Pizza, goat cheese and lardoons;3,93
Pizza, chorizo or salami;2,88
Pizza, cheese and tomato or Margherita pizza;1,84
Pizza, chicken;2,87
Pizza, salmon;2,71
Pizza, cured ham;3,23
Pizza, tuna;2,71
Pizza, seafood;2,71
Pizza, lardoons onions and cheese;3,93
Pizza, vegetables or pizza 4 seasons;3,42
Pizza, cheese and mushrooms;3,38
Pizza, ham and cheese;3,23
Pizza, ham cheese and mushrooms;3,43
Pizza, kebab;3,23
Pizza with raclette or tartiflette cheese and lardoons;3,93
Quiche Lorraine (eggs and lardoons quiche);4,57
Provencal-style tart;2,54
Tomato tart;2,54
Onion tart;2,8
Cheese tart;3,52
Maroilles cheese tart or maroilles cheese flamiche;4,2
Salmon tart;3,48
Vegetables tart;2,54
Scallops tart;4,75
Goat cheese and spinach tart;4,2
Leek tart or pie;2,9
Squid and spicy tomato sauce pie;3,07
Riesling wine and pork pie;12,1
Mashed potatoes w fresh tome cheese;3,93
Vegetable fritters;1,57
Veal stew in white sauce;19,5
Durum wheat, pre-cooked, cooked, in a microwaveable bag;0,557
Durum wheat pre-cooked, whole grain, cooked, to pan-fry;0,558
Beef stew with carrots;23
Burgundy-style beef stew;25
Meat balls, beef, with tomato sauce;12,3
Fish on skewer;14,6
Duck with sauce (green pepper sauce, hunter-style sauce,etc.);1,26
White bean stew, with duck or goose, canned;0,694
White bean stew, with pork, canned;2,13
White bean stew, canned;0,601
Chili con carne;19,6
Stuffed cabbage;3,5
Sauerkraut, with garnish;2,24
Sauerkraut, without garnish, drained, cooked;1,41
Cockerel in red wine sauce;6,41
Couscous w meat;3,85
Couscous with meat or chicken, light;2,78
Couscous w mutton;14,4
Couscous w fish;4,74
Couscous w chicken;2,58
Couscous with vegetables;1,72
Couscous royal (with different meats);3,85
Chicory w ham;3,89
Spinach w cream sauce;2,38
Falafel, prepacked;1,44
Vegetable flan;2,12
Savoy-style fondue (cheese wine and bread);4,67
Cheese and ham, breaded;6,03
Small cheese chou-pastry puff;3,8
Eggplant au gratin (oven grilled);1,94
"Dauphin‚-style creamed potatoes ""au gratin""";2,01
Cauliflower au gratin (oven grilled);1,91
Vegetables au gratin (oven grilled);1,94
Vegetables au gratin (oven grilled) in bechamel sauce;1,91
Pasta au gratin (oven grilled);3,61
Fish brandade or fish shepherd's pie;9,61
Fish or seafood au gratin, intended to be cook;9,56
Fish and shrimp 'au gratin', previously frozen;9,95
Shepherd's pie or cottage pie with meat;12
Haricot beans with tomato sauce, canned;0,744
Rabbit with mustard sauce;4,6
Lasagna or cannelloni with vegetables and goat cheese, cooked;3,23
Lasagna or cannelloni with meat (bolognese sauce);6,1
Lasagna or cannelloni with goat cheese and spinach;3,84
Lasagna or cannelloni with fish;4,09
Lasagna or cannelloni with vegetables;3,23
Lasagna or cannelloni with vegetables, cooked;3,23
Stuffed vegetables (excluding tomato);3,39
Mussels, filled (fat, parsley and garlic?);3,48
Mussels, in a shallot and white wine broth;3,48
Moussaka;23,6
Stewed lamb garnished with potatoes and other vegetables;26,3
Noodles with shrimps saut‚ed/pan-fried;4,89
Osso buco;18,2
Pa‰lla;3,28
Vegetable rosti, pre-fried, frozen;1,15
Vegetable rosti, pre-fried, frozen, cooked;1,15
Shepherd's pie with duck;3,6
Shepherd's pie with duck, cooked;3,6
Bolognese-style pasta (spaghetti, tagliatelle?);6,51
Carbonara-style pasta (spaghetti, tagliatelle?);3,61
Pasta with cheese sauce (spaghetti, tagliatelle?);3,62
Fresh pasta, stuffed with vegetables (e.g. ravioli), raw;2,65
Fresh pasta, stuffed with meat (e.g. bolognese-style ravioli), raw;15,1
Fresh pasta, stuffed with meat (e.g. bolognese-style ravioli), cooked;15,1
Fresh pasta, stuffed with cheese and vegetables (e.g. ravioli), raw;3,62
Fresh pasta, stuffed with cheese and vegetables (e.g. ravioli), cooked;3,62
Fresh pasta, stuffed with vegetables (e.g. ravioli), cooked;2,65
Fresh pasta, stuffed with cheese (e.g. ravioli), raw;3,62
Fresh pasta, stuffed with cheese (e.g. ravioli), cooked;3,62
Veal olive or veal paupiette;21,1
Veal paupiette, cooked in oven;21,1
Poultry paupiette;5,73
Salt-cured pork belly with lentils;1,66
Piperade, Basque-style (fondue of sweet peppers and tomatoes flavoured with onions and garlics);1,71
Vegetables pan-fried or stir-fried, Asian-style, frozen, raw;0,933
Vegetables pan-fried with mushrooms (country-style), frozen;0,933
Grilled vegetables pan-fried, Mediterranean-style, frozen, raw;0,933
Vegetables pan-fried without mushrooms, frozen, raw;0,933
Pre-fried potatoes, pan-fried, lardoons or chicken, and other, without green vegetables;2,59
Fish w bordelaise sauce;10,4
White fish with Florentine-style sauce (spinach sauce);9,35
White fish with shallots, mussels and white wine sauce;10,4
White fish with Parisian-style sauce (mushrooms sauce);10,5
White fish with Provencal-style sauce (tomato sauce);10
White fish with mustard sauce;9,35
White fish with tarragon sauce;9,35
White fish with sorrel sauce;9,35
Fish, in sauce, frozen;9,74
Pork with caramel sauce;7,01
Boiled meat with vegetables;17,7
Pork sausage stew with cabbage, carrots and potatoes;3,26
Chicken with curry and coconut milk sauce;5,68
Chicken, Basque style;4,48
Ratatouille cooked;1,27
Ravioli filled with meat, in tomato sauce, canned;4,1
Dumplings, steamed, with shrimps, cooked;11,6
Ravioli filled with vegetables, in tomato sauce, canned;2,48
Risotto, w cheeses;3,27
Risotto, w seafood;3,27
Risotto, w vegetables;3,27
Riste (Eggplant, tomatoes, onions);1,27
White rice, cooked, with vegetables and meat;2,66
White rice, cooked, with chicken;2,91
Cantonese rice;3,1
Salmon with sorrel;5,38
Cheese souffl‚;3,53
Sushi or maki with seafood products;2,67
Mutton tagine;27,8
Chicken tagine;4,74
Tartiflette (cheese fondue);3,52
Vegetable terrine or mousse;1,55
Tofu, plain;1
Provencal-style tomato (breaded tomatoes stuffed with garlic and parsley);1,4
Stuffed tomatoes;3,47
Caen-style tripe;25,3
Caen-style tripe, prepacked;25,3
Provencal-type tripe (with tomato);21,7
Yakitori (grilled meat on skewers, Japanese-style, with sauce);4,54
Schnitzel, soybean and wheat-based (vegan);1,79
Plant-based ball with wheat and/or soybean, prepacked;2,25
Vegetable ball (without meat);2,28
Schnitzel, soybean, wheat and cheese-based, cordon bleu-style;2,74
Soy patty or vegetable escalope;2,17
Cereal patty with cheese (without soybean);2,1
Cereal patty with vegetables (without soybean);1,61
Cereal patty (without soybean);2,07
Soy-based patty, Provencal-style (vegetable steak);2,04
Tofu patty (vegetable steak);2,25
Plant-based patty or steak from wheat (seitan) and vegetables;1,66
Plant-based patty or steak from wheat and soybean (vegan), prepacked;2,13
Plant-based patty or steak from wheat and soybean (not vegan);2,83
Plant-based patty or steak from soybean and cheese;2,56
Soy-based patty, plain (vegetable steak), prepacked;2,02
Soy-based patty, plain (vegetable steak), prepacked;2,12
Plant-based patty or steak from soybean, cheese and vegetables;2,17
Plant-based patty or steak from lentil, soybean and vegetables;1,68
Soy-based minced, prepacked;2,05
Wheat-based nuggets (wo soybean);1,84
Soybean-based nuggets;1,77
Soybean and wheat-based nuggets (vegan);1,83
Soybean and wheat-based nuggets (not vegan);1,92
Schnitzel, soybean and wheat-based (not vegan);1,95
Celeriac in remoulade sauce, prepacked;1,18
Greek-style marinated mushrooms;4,04
Caesar's salad (salad, chicken, cro–tons, sauce);3,94
Prepared mixed meat/fish canned, drained salad;11,6
Coleslaw, w sauce, prepacked;1,22
Prepared pasta salad, with vegetable, meat or fish;4,27
Prepared pasta salad, vegetarian;2,9
Potato salad, pi‚montaise-style, prepacked;4,14
Prepared potatoes salad, home-made;5,7
Prepared rice salad;2,55
Prepared mixed tuna and vegetable salad, canned, drained;4,52
Tabbouleh with chicken, prepacked;3,15
Tabbouleh, prepacked;1,2
Fish burger, fast foods restaurant;7,1
Chicken burger , fast foods restaurant;4,36
Veggie burger;2,71
Cheeseburger, from fast foods restaurant;18,8
Toasted ham sandwich topped with grated cheese and a fried egg;4,14
Toasted ham sandwich topped with grated cheese;4,4
Grilled cheese & ham sandwich, prepacked;4,47
Cheeseburger, double, from fast foods restaurant;14,1
Focaccia, filled;3,23
Fougasse, filled;1,16
Hamburger, from fast foods restaurant;18,6
Hot-dog;7,57
Large round sandwich with lettuce, tuna, anchovy and black olives;1,9
Sandwich made with French bread, camembert cheese and butter;4,09
Sandwich made with French bread, raw vegetables and mayonnaise;2,78
Sandwich made with French bread, turkey, raw vegetables (lettuce & tomato) and mayonnaise;2,78
Sandwich made with French bread, ham and emmental cheese;5,54
Sandwich made with French bread, ham and butter;5,61
Sandwich made with French bread, ham, emmental cheese and butter;5,54
Sandwich made with French bread, hard-boiled egg, raw vegetables (tomato and lettuce) and butter;3,31
Sandwich made with French bread, merguez sausage, ketchup and mustard;4,72
Sandwich made with French bread, egg, raw vegetables (tomato and lettuce) and mayonnaise;2,41
Sandwich made with French bread, pƒt‚ and pickles;3,46
Sandwich made with French bread, pork, raw vegetables (lettuce & tomato) and mayonnaise;3,31
Sandwich made with French bread, chicken, raw vegetables (lettuce & tomato) and mayonnaise;3,82
Sandwich made with French bread, salami and butter;5,61
Sandwich made with French bread, dry sausage and butter;4,72
Sandwich made with French bread, smoked salmon and butter;2,64
Sandwich made with French bread, tuna, raw vegetables (tomato and lettuce) and mayonnaise;3,44
Sandwich made with French bread, tuna, sweet corn and raw vegetables;2,64
Sandwich made with French bread, kebab and raw vegetables;12,8
Sandwich made with pita bread, kebab and raw vegetables;12,1
Sandwich made with wholemeal loaf bread, ham, raw vegetables, cheese (optional);2,57
Sandwich made with wholemeal loaf bread, ham and cheese;4,8
Sandwich made with wholemeal loaf bread, chicken, raw vegetables and mayonnaise;3,08
Sandwich made with wholemeal loaf bread, tuna, raw vegetables and mayonnaise;2,7
Sandwich made with loaf bread, various filling;2,57
Sandwich made with panini bread, raw cured ham, mozzarella cheese and tomato;4,43
Canap‚s (toasts w various toppings);1,76
Wheat tortilla wrap, filled with soy-based, vegetarian;1,64
Broth, stock or bouillon, beef, reconstituted with water at consumer;0,113
Broth, stock or bouillon, vegetables, reconstituted with water at consumer;0,1
Broth, stock or bouillon, poultry, reconstituted with water at consumer;0,103
Soup, carrots, prepacked, to be reheated;0,461
Soup, tomato and vermicelli, dehydrated and reconstituted;0,543
Soup, tomatoes and vermicelli, prepacked, to be reheated;0,595
Soup, tomatoes, dehydrated and reconstituted;0,375
Soup, tomatoes, prepacked, to be reheated;0,427
Soup, chicken and vegetables, dehydrated and reconstituted;0,14
Soup, chicken and vegetables, prepacked, to be reheated;0,14
Soup, chicken and vermicelli, dehydrated and reconstituted;0,859
Soup, chicken and vermicelli, prepacked, to be reheated;0,911
Soup, onions, dehydrated and reconstituted;2,27
Soup, onions, prepacked, to be reheated;2,32
Soup, Asian-style with noodles, dehydrated and reconstituted;9,5
Soup, Asian-style with noodles, prepacked, to be reheated;9,95
Soup, watercress, dehydrated and reconstituted;0,518
Soup, watercress, prepacked, to be reheated;0,569
Soup, pistou (basil, garlic and olive oil), dehydrated and reconstituted;0,474
Soup, pistou (basil, garlic and olive oil), prepacked, to be reheated;0,525
Soup, pumpkin, dehydrated and reconstituted;0,722
Soup, pumpkin, prepacked, to be reheated;0,774
Soup, asparagus, dehydrated and reconstituted;1,52
Soup, asparagus, prepacked, to be reheated;1,57
Soup, cereals and vegetables, dehydrated and reconstituted;0,543
Soup, mushrooms, dehydrated and reconstituted;3,63
Soup, mushrooms, prepacked, to be reheated;3,69
Soup, vegetables with cheese, prepacked, to be reheated;1,24
Soup, mixed vegetables, dehydrated and reconstituted;0,452
Soup, mixed vegetables, prepacked, to be reheated;0,504
Soup, green vegetables, dehydrated and reconstituted;1,05
Soup, green vegetables, prepacked, to be reheated;1,1
Soup, lentils, prepacked, to be reheated;0,452
Soup, leek and potato, dehydrated and reconstituted;0,39
Soup, leek and potato, prepacked, to be reheated;0,441
Soup, split peas, prepacked, to be reheated;0,452
Soup, chorba frik, w meat and frik;4,37
Soup, fish and/or crustacean, dehydrated and reconstituted;8,94
Soup, fish and/or crustacean, prepacked, to be reheated;9
Soup, gazpacho, cold;0,427
Soup, Moroccan, dehydrated and reconstituted;4,02
Soup, minestrone, dehydrated and reconstituted;1,62
Soup, minestrone, prepacked, to be reheated;1,67
Apricot, canned in light syrup, drained;1,31
Apricot, canned in light syrup, not drained;0,769
Apricot, in syrup, canned, drained;1,33
Apricot, in syrup, canned, not drained;0,769
Apricot, pitted, raw;1,45
Apricot, pitted, dried;3,11
Pineapple, in pineapple juice and syrup, canned, drained;1,62
Pineapple, in pineapple juice and syrup, canned, not drained;0,981
Pineapple, in light syrup, canned, drained;1,63
Pineapple, in light syrup, canned, not drained;0,981
Pineapple, pulp, raw;1,36
Banana, pulp, raw;0,909
Banana, pulp, dried;2,2
Cranberry, raw;1,63
Carambola, pulp, raw;0,554
Black currant, raw;1,9
Cherry, pitted, raw;1,74
Lime, pulp, raw;0,57
Lemon, pulp, raw;0,764
Lemon zest, raw;0,945
Clementine, pulp, raw;1,3
Quince, raw;0,562
Apple compote;1,17
Fruits compote, miscellaneous;1,1
Fruits compote, miscellaneous, reduced sugar;1,1
Fruits compote, miscellaneous, reduced sugar, refrigerated;1,12
Strawberry, coulis;3,24
Raspberry, coulis;3,06
Date, pulp and peel, dried;2,89
Fruits dessert, all types (fruits dessert's sugar content is less than fruits compote but more than fruits compote reduced sugar);1,27
Prickly pear, pulp and seeds, raw;0,387
Fig, raw;0,611
Fig, dried;1,08
Strawberry, raw;0,533
Strawberry, in-season, raw;0,511
Strawberry, off-season, raw;0,592
Raspberry, raw;1,55
Raspberry, frozen, raw;1,82
Passion fruit, pulp and pips, raw;0,938
Red berries (raspberries, strawberries, red currants, black currants) , raw;1,55
Guava, pulp, raw;1,19
Pomegranate, pulp and pips, raw;0,499
Morello cherry, raw;1,04
Gooseberry, raw;1,4
Red currant, raw;1,89
Persimmon, pulp, raw;0,95
Kiwi fruit, pulp and seeds, raw;1
Kumquat, without pips, raw;0,577
Lychee, pulp, raw;0,554
Fruit cocktail or salad, canned in light syrup, drained;1,2
Fruit cocktail or salad, canned in light syrup, not drained;0,725
Fruit cocktail or salad, canned in syrup, drained;1,38
Fruit cocktail or salad, canned in syrup, not drained;0,725
Mandarin, pulp, raw;0,468
Mango, pulp, raw (Brazil by plane);11,6
Mango, pulp, raw;0,728
Melon, cantaloupe (ex Cavaillon or Charentais melon), pulp, raw;0,979
Melon, honeydew, pulp, raw;0,979
Blackberry, raw;0,972
Blackberry, frozen, raw;1,24
Black mulberry, raw;1,25
Blueberry, raw;0,922
Blueberry, frozen, raw;1,19
Nectarine, pulp and peel, raw;0,614
Orange, pulp, raw;0,678
Pummelo, pulp, raw;0,793
Papaya, pulp, raw;0,926
Watermelon, pulp, raw;0,68
Peach, canned in light syrup, drained;1,38
Peach, canned in light syrup, not drained;0,774
Peach, pulp and peel, raw;0,591
Peach, dried;3,66
Pear, canned in light syrup, not drained;0,595
Pear, pulp and peel, raw;0,387
Pear, peeled, raw;0,387
Grapefruit, yellow, pulp, raw;0,926
Grapefruit, red or pink, pulp, raw;0,926
Grapefruit, pulp, raw;0,926
Apple, Canada, pulp, raw;0,408
Apple, var. Golden, pulp and skin, raw;0,408
Apple, pulp and peel, raw;0,408
Apples, raw, without skin, cooked, boiled/cooked in water;1,44
Apple, pulp, raw;0,408
Apple, pulp, roasted/baked;1,42
Apple, dried;1,64
Greengage plum, raw;1,04
Plum, raw;1,03
Prune;3,11
Fruits puree, without sugar added;1,11
Grape, white, raw;0,51
Grape, red, raw;0,51
Grape, raw;0,51
Raisin;1,23
Rhubarb, stalk, raw;0,702
Rhubarb, stalk, cooked, with sugar;1,74
Fruit salad, raw;1,63
Elderberry, berries, raw;0,92
Tamarind, mature fruit, pulp, raw;0,528
Almond, (with peel);2,63
Almond, grilled, salted;2,63
Almond, peeled, unpeeled or blanched;2,63
Peanut, boiled/cooked in water, w salt;4,2
Peanut butter or peanut paste;4,06
Peanut;4,18
Peanut, grilled;4,18
Peanut, grilled, salted;4,18
Chestnut, canned;1,94
Chestnut, boiled/cooked in water;2,28
Chestnut, raw;1,94
Chestnut, grilled;1,9
Seeds, chia, dried;3,49
Chestnut cream;2,22
Chestnut cream, vanilla flavoured, canned;2,01
Cucurbitacea, seed;3,49
Chestnut flour;2,39
Flaxseed, brown;3,52
Flaxseed;3,52
Alphalfa seeds, raw;3,49
Alfalfa seeds, sprouted, raw;3,49
Mix of unsalted grains/nuts and dried fruit;2,62
Mix of unsalted grains/nuts and raisins;2,62
Mix of salted grains/nuts and raisins;2,62
Hazelnut;4,81
Hazelnut, grilled;5,01
Hazelnut, grilled, salted;5,01
Cashew nut, grilled, salted;3,56
Coconut, immature kernel, fresh;2,42
Coconut, ripe kernel, fresh;2,42
Coconut, kernel, dried;2,42
Macadamia nut;3,66
Macadamia nut, grilled, salted;3,66
Pecan nut;3,66
Pecan nut, salted;3,66
Brazil nut;7,39
Walnut, fresh;4,11
Walnut, dried, husked;4,11
Almond paste or marzipan, prepacked;2,18
Pine nuts;4,18
Pistachio nut, grilled;7,22
Pistachio nut, grilled, salted;7,22
Sesame seed;2,44
Sesame seed, husked;5,2
Sesame seed, grilled, husked;5,2
Soybean, whole grain;1,25
Tahini (sesame paste);2,85
Sunflower seed;2,91
Sunflower seed, grilled, salted;2,91
Artichoke, canned, drained;2,02
Artichoke, heart, canned, drained;2,02
Artichoke, globe, raw;2,56
Artichoke, globe, cooked;2,06
Artichoke base, canned, drained;2,17
Artichoke base, frozen, raw;1,41
Asparagus, canned, drained;2,13
Asparagus, white or purple, peeled, raw;1,64
Asparagus, boiled/cooked in water;2,86
Asparagus, peeled, raw;1,51
Asparagus, green, raw;1,64
Eggplant, raw;0,472
Eggplant, cooked;1,16
Avocado, pulp, raw;1,55
Bamboo shoots, raw;1,13
Bamboo shoots, canned, drained;1,99
Plantain banana, raw;0,76
Swiss chard, raw;0,581
Swiss chard, cooked;1,45
Beetroot, raw;0,408
Beetroot, cooked;1,16
Broccoli, raw;0,951
Broccoli, cooked;1,66
Broccoli, puree;1,55
Broccoli, frozen, raw;1,06
Broccoli, frozen, cooked;1,38
Cardoon, raw;0,742
Cardoon, cooked;1,64
Carrot, canned, drained;1,26
Carrot, raw;0,396
Carrot, cooked;1,34
Carrots, puree;0,974
Carrot, frozen, raw;0,613
Carrot, frozen, cooked;0,86
Grated carrots;1,36
Celery stalk, canned, drained;1,62
Celery stalk, raw;0,715
Celery stalk, cooked;1,47
Celeriac, raw;0,494
Celeriac, cooked;1,34
Celeriac, puree;0,964
Morel, raw;6,17
Red endive, raw;0,571
Green endive, raw;0,571
White cabbage, raw;0,762
Chinese cabbage (nappa cabbage or bok choy), cooked;1,6
Chinese cabbage (nappa cabbage or bok choy), raw;0,848
Brussels sprout, canned, drained;1,3
Brussels sprout, raw;0,563
Brussels sprout, cooked;1,37
Brussels sprout, frozen, raw;0,783
Brussels sprout, frozen, cooked;1,06
Curly kale, raw;0,713
Curly kale, cooked;1,6
Romanesco cauliflower or romanesco broccoli, raw;0,721
Red cabbage, boiled/cooked in water;1,68
Red cabbage, raw;0,905
Green cabbage, raw;0,848
Green cabbage, boiled/cooked in water;1,6
Cauliflower, raw;0,721
Cauliflower, cooked;1,43
Cauliflower, frozen, raw;0,85
Cauliflower, frozen, cooked;1,14
Kohlrabi, boiled/cooked in water;1,59
Turnip cabbage, raw;0,494
Pumpkin, pulp, raw;0,639
Palm heart, canned, drained;1,94
Cucumber, pulp and peel, raw;0,512
Cucumber, pulp, raw;0,512
Squash, butternut, pulp, raw;0,639
Sweet green hokkaido squash, pulp, raw;0,612
Squash, melonnette jasp‚e from Vend‚e, pulp, raw;0,639
Pumpkin (cucurbita moschata), pulp, raw;0,612
Squash, spaghetti, pulp, raw;0,639
Squash, spaghetti, pulp, cooked;1,51
Squash, all types, raw;0,639
Courgette or zucchini, pulp and peel, raw;0,498
Courgette or zucchini, pulp and peel, cooked;1,26
Courgette or zucchini, pulp and peel, frozen, raw;0,702
Courgettes, puree;1,21
Garden cress, raw;0,868
Watercress, raw;0,882
Chinese or Japanese artichokes, frozen, raw;0,541
Shallot, raw;0,394
Shallot, cooked;1,15
Chicory, raw;0,861
Spinach, canned, drained;1,1
Spinach, raw;0,423
Spinach, cooked;1,14
Spinach, young leaves, raw;0,423
Spinach, puree;1,08
Spinach, frozen, raw;0,631
Spinach, frozen, cooked;0,881
Fennel, boiled/cooked in water;1,95
Fennel, raw;1,02
Leeks fondue or slow-simmered leeks;2,67
Okra, cooked, without salt;2,03
Butter bean or yellow bean, canned, drained;1,41
Butter bean or yellow bean, raw;0,544
Butter bean or yellow bean, frozen, raw;0,693
Lima bean, raw;0,817
Mung bean, sprouted or soy spouts, canned, drained;1,95
Mung bean, sprouted or soy spouts, raw;0,817
Flat bean, raw;0,544
French bean, raw (Kenya by plane);7,08
French bean, canned, drained;1,4
French bean, raw;0,447
French bean, cooked;1,2
French bean, frozen, raw;0,768
French bean, frozen, cooked;1,04
French bean, puree;1,14
Thinly-shredded or diced vegetables, frozen, raw;0,687
Iceberg lettuce, raw;0,957
Cos or romaine lettuce, raw;0,868
Lettuce, raw;0,868
Vegetables (3-4 types), mashed;1,25
Mixed vegetables for couscous, cooked;1,05
Mixed vegetables for couscous, frozen, raw;0,699
Mixed vegetables for soups, frozen, raw;1,49
Mixed vegetables for ratatouille, frozen;0,71
Mixed vegetables, frozen, raw;1,49
Diced mixed vegetables, canned, drained;1,13
Mixed diced vegetables, frozen;0,747
Lamb's lettuce, raw;0,868
Sweet corn, canned, drained;1,39
Sweet corn, on the cob, cooked;1,81
Sweet corn, on the cob, frozen, raw;0,992
Sweet corn, frozen, raw;0,852
Mesclun or salads, mix of baby leaves;1,03
Turnip, cooked;1,15
Turnip, peeled, raw;0,396
Turnip, frozen, raw;0,613
Onion, raw;0,421
Onion, cooked;1,18
Onion, dried;3,56
Onion, frozen, raw;0,818
Sorrel, raw;0,571
Parsnip, raw;0,494
Parsnip, cooked;1,34
Garden peas and carrots, canned, drained;1,19
Garden peas and carrots, frozen, raw;0,836
Garden peas and carrots, frozen, cooked;0,911
Garden peas, canned, drained;1,38
Garden peas, raw;0,702
Garden peas, cooked;1,44
Green peas, puree;1,37
Garden peas, frozen, raw;0,81
Garden peas, frozen, cooked;1,09
Chili pepper, raw;0,715
Dandelion, raw;0,868
Leek, raw;0,611
Leek, cooked;1,48
Leek, frozen, raw;0,763
Snow pea, boiled/cooked in water;1,88
Snow pea, raw;0,958
Snow pea, cooked;1,88
Sweet pepper, yellow, raw;0,715
Sweet pepper, red, canned, drained;1,3
Sweet pepper, red, raw;0,715
Sweet pepper, red, cooked;1,6
Sweet pepper, green, raw;0,715
Sweet pepper, green, cooked;1,6
Sweet pepper, green, yellow or red, raw;0,715
Red kuri squash, pulp, raw;0,612
Pumpkin, canned, drained;1,36
Pumpkin, raw;0,639
Pumpkin, cooked;1,51
Spring vegetables, frozen, raw (French beans, carrots, potatoes, green peas, onions);1,49
Radish, black, raw;0,384
Radish, raw;0,384
Roman rocket, raw;0,868
Rutabaga or Swede, raw;0,494
Rutabaga or Swede, cooked;1,35
Curly endive, raw;0,571
Green salad, raw, without seasoning;0,868
Glasswort (Salicornia sp.), fresh;1,23
Salsify, black, raw;0,494
Salsify, canned, drained;1,3
Salsify, cooked;1,34
Salsify, frozen, raw;0,584
Escaroles;1,03
New Zealand spinach, cooked;1,14
Tomato, cherry, raw;0,626
Tomato, in season, raw;0,626
Tomato, off season, raw;2,11
Tomato, green, raw;0,75
Tomato paste, concentrated, canned;2,42
Tomato coulis, canned (tomato puree semi-reduced 11%);0,825
Tomato, raw;0,75
Tomato paste, double concentrate, canned;3,81
Tomato, peeled, canned, drained;1,51
Tomato, pulp and peel, boiled/cooked in water;1,51
Tomato, roasted/baked, with skin;1,49
Tomato pulp, canned;1,11
Tomato puree, canned;0,825
Tomato, dried;11,2
Tomato, dried, in oil;11,2
Broad bean, to shell, fresh;0,858
Broad bean, cooked;0,585
Broad bean, fresh, frozen;0,443
Broad bean, peeled, frozen, raw;1,01
Broad bean, without peal, frozen, water boiled;0,573
Broad bean, dried;0,858
Broad bean, frozen, water boiled;0,573
Haricot bean, canned, drained;0,999
Haricot bean, cooked;0,409
Haricot bean, dry;0,448
Flageolet bean, canned, drained;1,4
Flageolet bean, cooked;0,585
flageolet bean, frozen;0,443
Flageolet bean, green, cooked;0,585
Flageolet bean, green, dried;0,858
Mung bean, cooked;0,585
Beans, mung, mature, seeds, dry;0,574
Red kidney bean, canned, drained;1,45
Red kidney bean, cooked;0,585
Red kidney bean, dried;0,858
Lentil, blond, cooked;0,466
Lentil, blond, dried;0,581
Lentil, pink or red, cooked;0,466
Lentil, pink or red, dried;0,581
Green lentil, cooked;0,466
Lentil, green, dried;0,581
Lentil, seasoned, canned, drained;1,13
Lentil, cooked;0,466
Lentils, sprouted;0,581
Lentil, dried;0,581
lupin grain, raw;1,1
Split pea, cooked;0,539
Split pea, dried;0,75
Chick pea, canned, drained;2,2
Chick pea, cooked;0,603
Chick pea, dried;0,899
Plantain banana, cooked;1,36
Potato crisps and related, reduced fat;1,4
"Potato crisps, ""… l'ancienne"" (old-fashioned style)";1,4
Potato crisps;1,4
French fries or chips, frozen, deep-fried;1,46
French fries or chips, frozen, raw, intended to be deep-fried;0,774
French fries or chips, frozen, raw, intended to be microwaved;0,774
French fries or chips, frozen, raw, intended to be roasted/baked;0,774
French fries or chips, frozen, roasted/baked;1,17
Breadfruit, raw;0,445
Yam or Indian potato, peeled, boiled/cooked in water;0,806
Yam or Indian potato, peeled, raw;0,497
Cassava or manioc, roots, raw;0,589
Cassava or manioc, roots, cooked;0,942
Sweet potato, raw;0,334
Sweet potato, cooked;0,852
Sweet potato, puree, cooked with cream;1,31
Dauphine potato, frozen, raw;1,8
Dauphine potato, frozen, cooked;2,65
Ware potato, boiled/cooked in water, peeled;1,15
Duchesse potato, frozen, raw;1,57
Duchesse potato, frozen, cooked;2,33
Mashed potato balls pre-fried, frozen, raw;3,41
Mashed potato balls pre-fried, frozen, cooked;4,94
New potato, raw;0,707
Early potato, boiled/cooked in water, peeled;1,15
Potato, pre-fried into cubes, frozen, raw;0,895
Potato, pre-fried into cubes, frozen, cooked;1,36
Potato, saut‚ed/pan-fried, with goose fat;0,722
Potato, steamed, vacuum-packed;1,25
Potato, boiled/cooked in water;1,25
Potato flakes, dehydrated, with milk or cream;2,6
Potato flakes, dehydrated, plain;2,59
Potato puree, made from flakes, reconstituted with semi-skimmed milk and water, unsalted;0,744
Potato puree, made from flakes, reconstituted with whole milk, with added fat;1,82
Potato puree, with milk and butter, unsalted;1,69
Potato, roasted/baked;0,852
Potato, peeled, raw;0,788
Potato, peeled, baked;1,24
Potato, saut‚ed/pan-fried;0,894
Rostis or Potatoes cake;0,977
Tapioca, raw;0,74
Taro, tuber, raw;0,69
Taro, tuber, cooked;1,86
Jerusalem artichoke, raw;0,491
Jerusalem artichoke, cooked;1,32
Ice cream log;2,22
Frosted lemon or orange (sorbet);2,22
Goblet of ice cream, peach Melba or Belle Helene pear type;2,15
Goblet of ice cream, coffee or chocolate ice cream topped with whipped cream;2,15
Frozen dessert, puff pastry, to share;2,22
Frozen dessert, ice cream with meringue, vacherin ice cream or mystery ice cream type;2,22
Frozen dessert, Sundae ice cream type;1,98
Iced nougat;2,22
baked Alaska;2,22
Peach melba (with vanilla ice cream and raspberry sauce);2,39
Belle Helene pear dessert (cooked pear topped with hot chocolate sauce on a bed of vanilla ice cream);2,22
Profiteroles (chou pastry), with vanilla ice cream and chocolate sauce;4,24
Ice cream, chocolate coated;1,96
Frozen yogurt;1,96
Ice cream on stick, with chocolate coating;2,55
Ice cream, cone (normal size);1,92
Ice cream, in box;1,96
Ice cream, luxury, in box;1,96
Ice cream, luxury, in cup;1,98
Ice cream, cone, mini;1,92
Ice cream, in cup for children;1,98
Ice cream, in individual cup;1,98
Ice lolly;1,53
Sorbet, on stick;1
Sorbet, in box;1,21
Whipped cream or Chantilly cream, under pressure, UHT;1,97
Thick cream, light, 15-20% fat, refrigerated;2,69
Liquid cream, light, 15-20% fat, UHT;2,6
Thick cream 30% fat, refrigerated;3,83
Liquid cream 30% fat, UHT;3,75
cream, light, 4 to 8% fat, liquid or thick;2,12
Abondance cheese, from cow's milk;6,13
Asiago cheese, from cow's milk;6,05
Beaufort cheese, from cow's milk;6,25
Gex blue cheese, or Jura blue cheese or Septmoncel blue cheese, from cow's milk;5,42
Brie de Meaux cheese, from cow's milk;4,97
Brie de Melun cheese, from cow's milk;5,02
Brie cheese, from cow's milk;5,23
Camembert cheese, from cow's milk, from raw milk;5,2
Camembert cheese, from cow's milk;5,2
Cantal cheese, half matured, from cow's milk;6
Cantal, Salers or Laguiole cheese, from cow's milk;6,07
Carr‚ de l'Est cheese, from cow's milk;4,94
Chabichou cheese, from goat's milk;7,68
Chaource cheese, from cow's milk;4,95
Cheddar cheese, from cow's milk;6,65
Chevrot cheese, from goat's milk;7,05
Comt‚ cheese, from cow's milk;6,38
Coulommiers cheese, from cow's milk;5,43
Crottin de Chavignol cheese, from goat's milk;7,68
Crottin cheese, from goat's milk, from raw milk;8,78
Crottin cheese, from goat's milk;8,78
Edam cheese, from cow's milk;6,35
Emmental cheese, from cow's milk;6,28
Emmental cheese, grated, from cow's milk;6,31
poisses cheese, from cow's milk;5,01
Feta cheese, from ewe's milk;6,37
Fontina cheese, from cow's milk;5,4
Fourme d'Ambert cheese, from cow's milk;5,35
Fourme de Montbrison cheese;5,45
Firm cheese, around 14% fat, Maasdam-type cheese, reduced fat;5,9
Firm cheese, around 27% fat, Maasdam-type cheese;6,23
Soft-ripened washed-rind cheese, from pasteurised milk (Vieux pan‚-type cheese);5,79
Soft-ripened cheese, double cream, around 30% fat;5,68
Soft-ripened cheese with bloomy rind (Camembert-type cheese);5,4
Soft-ripened washed-rind cheese, reduced fat, around 13% fat;5,68
Soft -ripened washed, bloomy and coloured rind cheese;5,68
Soft-ripened cheese, triple cream, around 40% fat;5,68
Hard cheese, emmental-type cheese, reduced fat;6,31
Blue cheese, from cow's milk;5,81
Auvergne blue cheese, from cow's milk;5,94
Bresse blue cheese, from cow's milk;5,29
Bresse blue cheese, from cow's milk, reduced fat, around 15% fat;5,03
Causses blue cheese, from cow's milk;5,95
Soft ripened cheese with bloomy rind, from ewe's milk, Camembert-type cheese;5,92
Semi-hard cheese, from ewe's milk;5,58
Corsica soft ripened cheese, from ewe's milk;9,02
Pyr‚n‚es cheese, from ewe's milk;5,78
Soft-ripened cheese with bloomy rind, from goat's milk, Camembert-type cheese;8,06
Soft-ripened cheese, from goat's milk, from pasteurised milk;8,47
Cheese, buche, from goat's milk;5,91
Cheese, buche, from goat's milk, light;6,46
Cheese, semi-dry, from goat's milk;6,79
Cheese, from goat's milk, fresh, from raw milk;5,91
Cheese, from goat's milk, fresh, from pasteurised milk;7,01
Cheese, from goat's milk, fresh;6,54
Cheese, from goat's milk;6,97
Cheese, from goat's milk, from raw milk;7,21
Cheese, from goat's milk, from pasteurised milk;6,97
Cheese, dry, from goat's milk;6,48
Processed cheese, double cream, around 31% fat;5,68
Processed cheese, around 20% fat, in wedges or cubes;5,7
Processed cheese, in slices;5,27
Soft-ripened round cheese with bloomy rind, 5 to 11% fat, Camembert-type cheese, reduced fat;4,95
Soft-ripened round cheese with bloomy rind, around 11% fat, Coulommiers-type cheese, reduced fat;4,99
Soft-ripened round cheese with bloomy rind, around 5% fat, Camembert-type cheese, reduced fat;5,02
Feta-type cheese from cow's milk;5,56
Feta-type cheese from cow's milk, in oil and spices;5,56
Gorgonzola cheese, from cow's milk;5,71
Gouda cheese, from cow's milk;6,37
Grana Padano cheese, from cow's milk;6,24
Gruyere cheese, from cow's milk;6,34
Gruyere cheese, France, Protected Geographical Indication, from cow's milk;6,27
Langres cheese, from cow's milk;4,96
Livarot cheese, from cow's milk;5,31
"Maroilles ""fermier"" cheese";5,45
"Maroilles ""laitier"" cheese";5,34
Maroilles cheese, from cow's milk;5,44
Mimolette cheese, half-old, from cow's milk;6,56
Mimolette cheese, extra old, from cow's milk;6,66
Mimolette cheese, young, from cow's milk;6,46
Mimolette cheese, old, from cow's milk;6,74
Mimolette cheese, from cow's milk;6,18
Vacherin cheese or Mont d'or cheese, from cow's milk;5,12
Morbier cheese, from cow's milk;6,35
Mozzarella cheese, from cow's milk;4,77
Munster cheese, from cow's milk;5,18
Neufchƒtel cheese, from cow's milk;4,78
Ossau-Iraty cheese, from ewe's milk;5,78
Parmesan cheese, from cow's milk;6,27
P‚lardon cheese, from goat's milk;8,54
Picodon cheese, from goat's milk;7,91
Pont l'Evˆque cheese, from cow's milk;5,35
Pouligny Saint-Pierre cheese, from goat's milk;7,29
Provolone cheese, from cow's milk;6
Raclette cheese, from cow's milk;6,33
Reblochon cheese, from cow's milk;5,21
Rocamadour cheese, from goat's milk;7,04
Roquefort cheese, from ewe's milk;7,02
Sainte Maure cheese, from goat's milk;6,46
Goat cheese from raw milk;7,21
Saint-Felicien cheese, from cow's milk;5,23
Saint-Marcellin cheese, from cow's milk;5,12
Saint-Nectaire cheese, from cow's milk, milk collected in an unique farm;5,54
Saint-Nectaire cheese, from cow's milk, milks collected in many farms;5,54
Saint-Nectaire cheese, from cow's milk;5,54
Saint-Paulin cheese, from cow's milk (semi-hard cheese);5,81
Salers cheese, from cow's milk;6,07
Selles-sur-Cher cheese, from goat's milk;7,29
Processed cheese snack w breadsticks, for children;5,66
Processed cheese with fresh cream cheese and walnuts;5,83
Uncured soft cheese, spreadable, around 30-40% fat, flavoured (ex : garlic and herbs);5,16
Uncured soft cheese, spreadable, around 20% fat, in a tub;4,78
Uncured soft cheese, spreadable, around 25% fat, in a tub;5,16
Plant-based spread-cheese type, with soybean, prepacked;1,87
Plant-based cheese, without soybean, prepacked, sliced;2,48
Plant-based cheese, without soybean, prepacked, shredded;2,48
Tomme cheese (PDO) from the French Bauges munntains;5,84
Tomme cheese, from mountain or Savoy;5,76
Tomme cheese, from cow's milk;5,8
Tomme cheese, reduced fat, around 13% fat;5,76
Valen‡ay cheese, from goat's milk;7,44
Condensed milk, without sugar, whole;2,53
Condensed milk, with sugar, whole;2,53
Sheep milk, whole;2,18
Goat milk, half skimmed, UHT pasteurized;1,52
Goat milk, whole, raw;1,52
Goat milk, whole, UHT;1,52
Milk, semi-skimmed, reduced lactose;1,27
Milk, semi-skimmed, pasteurised;1,27
Milk, semi-skimmed, UHT;1,27
Milk, semi-skimmed, vitamin D fortified, UHT;1,27
Milk, skimmed, pasteurised;1,15
Milk, skimmed, UHT;1,15
Milk, powder, semi-skimmed, non rehydrated;10,6
Milk, powder, skimmed, non rehydrated;9,38
Milk, powder, whole, non rehydrated;12,5
Milk, whole, pasteurised;1,46
Milk, whole, UHT;1,46
Dairy drink or fermented milk or yogurt, flavoured, with sugar;1,98
Dairy drink or fermented milk or yogurt, with fruits, with sugar;1,98
Dairy drink or fermented milk or yogurt, plain, with sugar, with L Casei;1,98
Cheesecake, refrigerated;3,2
Fruits batter-pudding, refrigerated;2,1
Custard cream with eggs (a small jar of chocolate or vanilla cream or other flavour), refrigerated;3,88
Caramelized custard cream (crŠme br–l‚e), refrigerated;2,18
Custard cream with caramel sauce, refrigerated;1,9
Custard dessert, vanilla, canned;1,83
Custard dessert, vanilla, refrigerated;1,94
Custard dessert, coffee, refrigerated;1,94
Custard dessert, caramel, refrigerated;1,94
Custard dessert, chocolate, canned;3,62
Custard dessert, chocolate, refrigerated;3,74
Custard dessert, reduced fat, refrigerated;1,94
Pastry cream or custard;1,52
Soy dessert, flavoured, refrigerated;1,24
Soy dessert, w fruits, refrigerated;1,24
Soy dessert, plain, refrigerated;1,21
Drained soft fresh cheese, around 6% fat;5,3
Flan with eggs, refrigerated;2,03
Fresh cream cheese, plain, fat free;1,81
Fresh cream cheese, plain, around 3% fat;2,09
Fresh cream cheese, plain, creamy, around 8% fat;2,34
Fresh cream cheese, with fruits, creamy, with sugar, around 7% fat;1,57
Petit-Suisse, fresh cream cheese type, fruits flavoured, 2-3% fat, fortified with calcium and vitamin D;1,93
Petit-Suisse, fresh cream cheese type, with fruits, 2-3% fat;1,93
Petit-Suisse, fresh cream cheese type, with fruits, 2-3% fat, fortified with calcium and vitamin D;1,93
Petit-Suisse, fresh cream cheese type, plain, fat free;1,73
Petit-Suisse like fresh cream cheese, plain, around 9% fat;2,48
Petit-Suisse, fresh cream cheese type, plain, around 4% fat;2,03
Chocolate cake w melting centre, refrigerated;8,38
Rice pudding w caramel sauce, refrigerated;1,82
Rice pudding, canned;1,8
Semolina pudding, with raisins and caramel sauce, refrigerated;1,8
Semolina pudding, canned;1,78
Floating island (meringue poached in milk and served in a light custard cream), refrigerated;1,92
Renneted milk, flavoured, refrigerated;1,83
Fermented milk drink, plain, whole milk;1,83
Fermented milk drink, plain, skimmed milk;1,66
Fermented milk or dairy specialty, yogurt type, flavoured, with sugar, with bifidus;1,88
Fermented milk or dairy specialty, yogurt type, with fruits, with sugar, with bifidus;1,89
Fermented milk or dairy specialty, yogurt type, plain, with bifidus;1,89
Milk jelly, flavoured, reduced fat and sugar, refrigerated;1,81
Milk jelly, flavoured, covered with caramel, refrigerated;1,76
Milk jelly, flavoured, refrigerated;1,81
Fruit liegeois;2,05
Custard topped with whipped cream (chocolate, coffee, caramel or vanilla custard), refrigerated;5,23
Milkshake, from fast foods restaurant;1,51
Chestnut mousse, refrigerated;2,36
Chocolate mousse (milk-based), refrigerated;9,68
Mousse, chocolate, refrigerated;9,76
Fruit mousse, refrigerated;2,28
Mousse (chocolate, coffee, caramel or vanilla) topped with whipped cream, refrigerated;5,08
French toast;2,18
Panna cotta, refrigerated;2,38
Profiteroles (chou pastry), with custard and chocolate sauce, refrigerated;4,25
Rice pudding, refrigerated;1,84
Semolina pudding, refrigerated;1,8
Tiramisu, refrigerated;10,7
Yogurt, Greek-style, ewe's milk;2,7
Yogurt, Greek-style, plain;1,89
Yogurt, Greek-style, on a bed of fruits;1,89
Yogurt, goat's milk, plain, around 5% fat;2,04
Yogurt, fermented milk or dairy specialty, flavoured, with sweetener, fat free;1,88
Yogurt, fermented milk or dairy specialty, flavoured, with sugar;1,88
Yogurt, fermented milk or dairy specialty, flavoured, w sugar, with cream;1,85
Yogurt, fermented milk or dairy specialty, w cereals;2,34
Yogurt, fermented milk or dairy specialty, with cereals, fat free;2,34
Yogurt, fermented milk or dairy specialty, with chocolate shavings, with cream, with sugar;2,5
Yogurt, fermented milk or dairy specialty, with fruits, with sweetener, fat free;1,89
Yogurt, fermented milk or dairy specialty, with fruits, with sweetener, fat free, fortified with vitamin D;1,89
Yogurt, fermented milk or dairy specialty, w fruits, with sugar;1,89
Yogurt, fermented milk or dairy specialty, w fruits, with sugar, with cream;1,89
Yogurt, fermented milk or dairy specialty, with fruits, with sugar, fortified with vitamin D;1,89
Yogurt, fermented milk or dairy specialty, plain;1,89
Yogurt, fermented milk or dairy specialty, plain, fat free;1,89
Yogurt, fermented milk or dairy specialty, plain, w cream;2,21
Yogurt, fermented milk or dairy specialty, plain, w sugar;1,86
Duck fat;2,61
Turkey fat;2,33
Chicken fat;2,33
Goose fat;2,33
Pork fat, raw;2,55
Lard or pork fat;2,55
Butter, light, 39-41% fat, unsalted;6,29
Butter, 60-62% fat, light, lightly salted;7,25
Butter, 60-62% fat, light, unsalted;7,28
Butter, 80% fat, lightly salted;7,88
Butter, 80% fat, salted;7,88
Butter, 82% fat, unsalted;7,94
Butter, 82% fat, unsalted, easy-to-spread;7,94
Butter oil or concentrated butter;7,94
Dairy fat 20% fat, light, spreadable, unsalted;4,55
Dairy fat 25% fat, light, spreadable, unsalted;5,11
Cod liver oil;3,05
Herring oil;3,05
Sardine oil;3,05
Salmon oil;3,05
Cocoa butter;27,4
Combined oil (blended vegetable oils);2,5
Combined oil (mix of olive oil and seeds oil);2,24
Peanut oil;4,27
Avocado oil;5,84
Virgin coconut oil;4,03
Rapeseed oil;2,5
Cottonseed oil;4,07
Linseed oil;5,01
Maize/corn oil;3,52
Hazelnut oil;9,82
Palm oil, refined;6,65
Palm oil;6,12
Grapeseed oil;1,81
Sesame oil;3,94
Soy oil;3,73
Sunflower oil;2,36
Olive oil, extra virgin;1,63
Coconut oil (coprah);4,28
Frying oil;2,37
Solid vegetable fat (margarine type), for frying;2,58
Blended fat (vegetable and animal origins), 50-63% fat;3,93
Blended fat (vegetable and animal origins), 50-63% fat, lightly salted;3,93
Blended fat (vegetable and animal origins), spreadable, 30-40% fat;3,43
Blended fat (vegetable and animal origins), spreadable, 30-40% fat, lightly salted;3,43
Vegetable fat (margarine type), spreadable, 30-40% fat, light, lightly salted, with plant sterols esters;2,32
Vegetable fat (margarine type), 50-63% fat, light, lightly salted;3,17
Vegetable fat (margarine type), spreadable, 50-63% fat, light, lightly salted, rich in omega 3;2,51
Vegetable fat (margarine type), spreadable, 50-63% fat, light, unsalted;2
Vegetable fat (margarine type), spreadable, 50-63% fat, light, unsalted, with plant sterols esters;2,07
Vegetable fat (margarine type), spreadable, 50-63% fat, light, unsalted, rich in omega 3;2,52
Vegetable fat (margarine type), 60% fat, unsalted, sunflowerseed;2,26
Vegetable fat (margarine type), 70% fat, unsalted;4,28
Vegetable fat (like margarine), 80% fat, salted;3,99
Vegetable fat (margarine type), spreadable, 30-40% fat, light, lightly salted;2,22
Vegetable fat (margarine type), spreadable, 30-40% fat, light, unsalted;2,17
Vegetable fat (margarine type), spreadable, 30-40% fat, light, unsalted, rich in omega 3;1,64
Vegetable fat (margarine type), 80% fat, unsalted;2,36
Biscuit bar filled with fruits, reduced fat;2,44
Cereal bar with fruit, fortified with vitamins and minerals;3,26
Cereal bar with chocolate, fortified with vitamins and minerals;6,89
Cereal bar with almonds or hazelnuts;3,85
Cereal bar w fruit;3,26
Chocolate cereal bar;6,89
Milky cereal breakfast bar, with chocolate or not, fortified with vitamins and minerals;6,89
Salty snacks, made from potato;1,54
Salty snacks, puff pastry;1,54
Puffed salty snacks, made from maize/corn, with peanuts;1,54
Puffed salty snacks, made from maize/corn, without peanuts;1,54
Puffed salty snacks, made from potato;1,54
Puffed salty snacks, made from potato and soy;1,54
Salty snacks, crackers, garnished or filled with cheese;1,54
Salty snacks, crackers, plain;1,54
Salty snacks, crackers, reduced fat;1,54
Salty snacks, mini pretzels or sticks;1,54
Breakfast biscuit (cookie) with cereals, fortified with vitamins and chemical elements;3,59
Soft cake, filled with fruit paste or fruit puree and sugar icing coated;2,92
Pastry biscuit with meringue;2,06
Biscuit sponge cake with fruits covering, pre-packed;2,92
Biscuit (cookie) vitamins content guaranteed;2,2
Biscuit (cookie) vitamins and chemical elements content guaranteed;3,59
Biscuit shortbread, with butter;3,38
Biscuit shortbread, with butter and chocolate;6,06
Biscuit (cookie), with milk;3,09
Biscuit (cookie) with fruits, reduced salt;3,05
Biscuit (cookie), sponge fingers or Lady fingers;2,2
Biscuit (cookie), chocolate covering;7,79
Biscuit (cookie), covering with a chocolate bar;7,79
Biscuit (cookie), with chocolate, prepacked;6,67
Biscuit sponge cake, with chocolate, pre-packed;6,54
Biscuit shortbread, with chocolate, pre-packed;6,06
Biscuit (small tart), with chocolate, pre-packed;6,06
Crispy biscuit (cookie), without chocolate, reduced fat;3,64
Crispy biscuit (cookie), with chocolate, reduced fat;6,67
Biscuit puff pastry;3,59
Biscuit (cookie) filled with fruit paste or fruit puree;3,05
Biscuit (cookie) filled with fruits, reduced fat;3,05
Biscuit (cookie) with nuts (no chocolate or lightly chocolate-flavoured);3,64
Biscuit (small tart), with fruit covering;2,44
Biscuit (cookie), plain;3,59
Biscuit (cookie), thin, w almonds;3,64
Biscuit (cookie), reduced sugar;3,59
Butter biscuit (cookie);2,47
Butter biscuit (cookie), with chocolate;7,19
Breakfast biscuit (cookie);3,59
Breakfast biscuit (cookie), reduced sugar;3,59
Breakfast biscuit (cookie), with chocolate;6,67
Biscuit (cookie), cat tongue type;4,01
Biscuit (cookie), thin, w fruits;3,7
Biscuit (cookie), with vegetal fat;1,93
Biscuit (cookie), assortment of miniature sweets and biscuits;4,01
Biscuit shortbread, with fruits;2,44
Biscuit (cookie);3,59
Breakfast cereals, puffed/popped corn, with honey (not fortified with vitamins and chemical elements);3,4
Breakfast cereals, puffed/popped corn, with honey, fortified with vitamins and chemical elements;3,4
Coated peanuts;3,28
Breakfast cereals, with chocolate, not filled (not fortified with vitamins and chemical elements);3,4
Breakfast cereals, puffed/popped cereals, wholemeal, fortified with vitamins and chemical elements;3,4
Breakfast cereals, diet, with chocolate, not fortified;3,4
Breakfast cereals, diet, with chocolate, fortified with vitamins and chemical elements;3,4
Breakfast cereals, diet, with fruits, not fortified;3,4
Breakfast cereals, diet, with dried fruits, fortified with vitamins and chemical elements;3,4
Breakfast cereals, diet, with fruits, fortified with vitamins and chemical elements;3,4
Breakfast cereals, diet, plain, not fortified;3,4
Breakfast cereals, diet, plain or with honey, fortified with vitamins and chemical elements;3,4
Breakfast cereals, with chocolate, not filled, fortified with vitamins and chemical elements;3,4
Breakfast cereals, filled with chocolate or chocolate-hazelnuts;3,4
Breakfast cereals, filled with chocolate or chocolate-hazelnuts, fortified with vitamins and chemical elements;3,4
Breakfast cereals, filled with a filling other than chocolate, fortified with vitamins and chemical elements;3,4
Breakfast cereals, rich in fibre, with chocolate, fortified with vitamins and chemical elements;3,4
Breakfast cereals, rich in fibre, with or without fruits, fortified with vitamins and chemical elements;3,4
Breakfast cereals, very rich in fibre, fortified with vitamins and chemical elements;3,4
Prawn crackers;5,45
Corn chips or tortilla chips;2,33
Wafer cookie;2,87
Cone, wafer for ice cream;3,46
Biscuit (cookie), with chocolate drops;6,27
Wafer cookie;2,87
Salted crispy crepe with cheese, prepacked;1,54
Wafer cookie, with chocolate, prepacked;10,3
Oat flakes, pre-cooked, raw;1,56
Oat flakes, boiled/cooked in water;1,01
Florentine biscuit (chocolate sweet biscuit (cookie) with almonds);3,59
Wafer biscuit, filled with chocolate, prepacked;7,66
Wafer biscuit, filled with nuts (hazelnut, almond, praline, etc.), with chocolate or not, prepacked;3,51
Wafer biscuit, with fruits;2,92
Wafer biscuit without filling;3,46
Wafer biscuit, plain or vanilla flavoured, prepacked;3,46
Dried sponge cake filled with fruits and covered with chocolate;2,47
Biscuit (cookie), snack w chocolate filling;6,6
Biscuit (cookie), snack with fruits filling;3,05
Biscuit (cookie), snack with dairy or vanilla filling;6,67
Breakfast cereals, popped or puffed wheat grain, with honey or caramel, fortified with vitamins and chemical elements;3,4
Breakfast cereals, chocolate puffed/popped wheat grain, fortified with vitamins and chemical elements;3,4
Macaroon;2,34
Meringue;2,05
Muesli, crunchy, with chocolate (not fortified with vitamins and chemical elements);2,55
Muesli, crunchy, with chocolate, with or without fruits, fortified with vitamins and chemical elements;2,55
Muesli, crunchy, with fruits and/or dried fruits, grains (not fortified with vitamins and chemical elements);2,55
Muesli, crunchy, with fruits or dried fruits, fortified with vitamins and chemical elements;2,55
Muesli, flakes (Bircher-style), with fruits or dried fruits (not fortified with vitamins and chemical elements);2,55
Muesli, flakes (Bircher-style), with fruits or dried fruits, fortified with vitamins and chemical elements;2,55
Muesli, flakes (Bircher-style), with fruits or dried fruits, without sugar;2,55
Muesli, flakes (Bircher-style);2,55
Breakfast cereals, mix of puffed or extruded cereals, fortified with vitamins and chemical elements;3,4
Biscuit ( puff pastry), palmier, from bakery;3,59
Breakfast cereals, wheat flakes with walnuts, hazelnuts or almonds, fortified with vitamins and chemical elements;3,4
Breakfast cereals, chocolate wheat grain flakes (not fortified with vitamins and chemical elements);3,4
Breakfast cereals, chocolate wheat grain flakes, fortified with vitamins and chemical elements;3,4
Breakfast cereals, corn flakes, sugar iced (not fortified with vitamins and chemical elements);3,4
Breakfast cereals, corn flakes, sugar iced, fortified with vitamins and chemical elements;3,4
Breakfast cereals, corn flakes, plain (not fortified with vitamins and chemical elements);3,4
Breakfast cereals, corn flakes, plain, fortified with vitamins and chemical elements;3,4
Pop-corn or air-popped maize, unsalted;1,02
Pop-corn or oil popped maize, salted;0,94
Pop-corn or popped maize, with caramel;1,73
Shortbread cookie w coconut;2,61
Shortbread cookie with cocoa or chocolate, or praline or other;6,06
Shortbread cookie with fruit (apple, red berries, etc.);2,55
Shortbread pastry biscuit;3,19
Speculoos biscuit;3,82
Biscuit, extruded and grilled, chocolate filling;1,54
Biscuit, extruded and grilled, fruits filling;1,54
Maize/corn starch;1,55
Wheat flour, self-raising;0,791
Wheat flour, type 110;0,791
Wheat flour, type 150;0,791
Wheat flour, type 55 (for pastry);0,791
Wheat flour, type 55 (for bread);0,791
Wheat flour, type 65;0,791
Wheat flour, type 80;0,791
Maize/corn flour;0,865
Millet flour;0,883
Chick pea flour;0,974
Rice flour;2,48
Buckwheat flour;1,21
Rye flour, type 130;0,716
Rye flour, type 170;0,716
Rye flour, type 85;0,716
Soya flour;1,38
Spelt flour;1,21
Barley flour;0,778
Oatmeal flakes;1,22
Khatfa (phyllo or filo pastry), prepacked;1,24
Pizza base, raw;1,4
Pizza base, cooked;1,4
Thin-crust pizza shell, raw;1,4
Short crust pastry, raw;3,59
Pastry, short crust, baked;3,59
Short crust pastry, pure butter, raw;3,59
Short crust pastry, pure butter, frozen, raw;3,49
Puff pastry, pure butter, raw;3,93
Puff pastry, pure butter, cooked;3,93
Puff pastry, pure butter, frozen, raw;3,81
Puff pastry, cooked;3,85
Puff pastry, raw;3,93
Puff pastry, frozen, raw;3,81
Phyllo or filo dough, raw;1,9
Shortbread dough, pure butter, raw;3,46
Shortbread dough, pure butter, cooked;3,46
Shortbread dough, pure butter, frozen, raw;3,36
Shortbread dough, raw;3,46
Shortbread dough, cooked;3,46
Rum baba, prepacked;1,16
Baklava (oriental pastry with almonds and syrup);3,02
Doughnut filled with jam;1,78
Doughnut filled with fruits, prepacked;2,25
Doughnut filled with chocolate, prepacked;6,24
Doughnut, plain;1,75
Savoy-style sponge cake;2,3
Brownie (chocolate cake);8,36
Christmas log cake;8,05
Fruit cake;3,28
Canel‚ cake;2,16
Fruit charlotte;2,09
Pastry cream puff;2,58
Chou pastry filled with whipped cream;2,58
Chou pastry filled with custard;2,19
Gazelle horn (oriental pastry with almonds and syrup);2,83
Crepe, filled with jam, home-made;1,41
Crepe, filled with chocolate or chocolate and hazelnut spread, home-made;1,41
Crepe filled with sugar, prepacked;1,82
Crepe filled with chocolate, prepacked;4,53
Crepe filled with strawberries, prepacked;1,82
Crepe, plain, prepacked, refrigerated;1,5
Crepe, plain, prepacked, room temperature;1,5
Apple crumble;2,24
Eclair;3,97
Dessert, Opera cake type;5,23
Breton pudding cake with prunes;2,21
Flan tart with eggs;2,17
Sponge sandwich cake filled and topped with strawberries or raspberries;2,4
Buckwheat crepe, plain, prepacked;0,824
Twelfth Night cake;4
Twelfth Night cake (puff pastry filled with almond paste);4
Chocolate cake;8,41
Sponge cake w chocolate w or wo cherry;2,3
Lemon cake, all types;2,53
Fresh cream cheese cake;1,99
Yogurt cake;2,61
Almond cake;4,47
Basque cake (shortbread), with cherries;2,58
Basque cake (shortbread), with custard;2,58
Marble cake;3,96
Chocolate soft cake, prepacked;10,1
Fruit soft cake;2,28
Soft cake with nuts;3,56
Soft cake filled with chocolate or chocolate drops or milk;10,1
Soft cake filled with fruits, mini sponge roll type;2,28
Soft cake, plain, sponge cake type;2,94
Sponge cake w fruit mousse;2,28
Chou pastry with praline flavoured creme;4,36
Fruit shortbread cake, prepacked;3,34
Wafer biscuit, crunchy (thin or dry), with chocolate, prepacked;2,86
Wafer biscuit, crunchy (thin or dry), plain or with sugar, prepacked;2,21
Soft waffle (Brussels-style), with chocolate, prepacked;5,51
Soft waffle (Brussels-style), plain or with sugar, prepacked;2,45
Sponge cake filled and covered with chocolate;10,1
Buttered and caramelized milk bread cake;1,71
Macaron filled with jam or cream;6,26
Madeleine biscuit, with chocolate, prepacked;7,6
Madeleine biscuit (cookie);1,54
Madeleine cake, pure butter;2,94
Mille-feuille pastry;2,61
Muffin, with blueberry or chocolate;4,63
Gingerbread;2,5
Pound cake, prepacked;4,39
Rock-shaped coconut cake;1,79
Chocolate tart from bakery;7,84
Lemon tart;2,74
Apricots tart;2,25
Strawberries tart;2,14
Fruit pie with confectioner's custard;2,94
Red berries tart;2,94
Peer tart with almonds;2,89
Apple pie with custard (flour, eggs, cream, sugar, apple alcohol);2,89
Fruit tart;2,27
Apple tart;2,03
Tatin tart (caramelized upside-down apple tart);2,38
Bagel;1,14
Rusk, w eggs;1,44
Rusk;1,44
Rusk, wholemeal or rich in fibre;1,44
Rusk, multigrain;1,44
Rusk, unsalted;1,44
Blinis;1,61
Brioche, filled with chocolate drops;3,67
Brioche, filled with chocolate;4,88
Brioche, filled with fruits;4,88
Brioche, filled with custard (Chinese brioche type), prepacked;2,46
Brioche, pure butter;2,95
Brioche, from bakery;3,36
Brioche, prepacked;2,95
Brioche;2,95
Apple turnover;2,05
Chou pastry, sugar coated;1,87
Christmas brioche with candied fruits, prepacked;2,95
Croissant, butter, from bakery;2,94
Croissant w almonds, from bakery;2,78
Croissant, ordinary, from bakery;2,42
Croissant;2,02
Crouton with garlic, herbs or onions, prepacked;1,06
Croutons, plain, prepacked;1,06
Puffed rice textured bread, wholemeal;1,07
Puffed cereals textured bread;1,07
Grissini or bread stick;1,38
English muffin, wholewheat flour, prepacked;1,07
English muffin, prepacked;2,04
Chocolate croissant, puff pastry, from bakery;5,73
Chocolate croissant, prepacked;5,32
Milk roll filled with chocolate drops, prepacked;3,51
Milk roll, from bakery;2,73
Milk roll, prepacked;2,32
Bran grain bread;0,714
Raisin puff pastry (Viennese pastries);2,57
Bread, home-made, with flour for home-made bread preparation;0,776
Brioche or Vienna bread;1,9
Bread, wholemeal or integral bread (made with flour type 150);0,779
Bread, French bread, ball, 400g;0,776
Country-style bread, home-made (with flour for bread making machine);0,84
Brioche sandwich bread, prepacked;1,71
Sandwich loaf, bran grain;1,55
Sandwich loaf, wholemeal;1,55
Sandwich loaf;1,55
Sandwich loaf, multigrain;1,38
Sandwich loaf, crust less, prepacked;1,14
Rye bread, and wheat;0,76
Rusk with eggs, sliced, prepacked;2,22
Wheat swedish toast, wholemeal;1,4
Wheat swedish toast;1,4
Swedish toast, with fruits;1,4
Swedish toast, with linseeds;1,4
Toasted bread, home-made;1,35
Rusk, slice, wheat;1,35
Rusk , slice, multigrain;1,29
Panini bread;1,23
Pita bread;1,08
Rolls for hamburger/hotdog (buns), wholemeal, prepacked;0,84
Rolls for hamburger/hotdog (buns), prepacked;1,81
Bread, French bread (baguette or ball), with yeast;0,748
Bread, French bread, (baguette or ball), multigrain, from bakery;1,13
Bread (baguette or ball), made with type T55-T110 flour;0,898
Brown bread, French bread (baguette or ball), with flour type 80 or 110;0,776
Country-style bread, French bread (baguette or ball);0,779
Bread, French bread, baguette;0,776
Bread, French bread, baguette, unsalted;0,776
Bread, French bread, without salt;0,776
Bread, gluten free;1,7
Crispbread, extruded and grilled;1,86
Wheat tortilla wrap, to be filled;1,24
Corn tortilla wrap, to be filled;1,03
Amaranth, raw;0,949
Oat, raw;0,953
Khorasan wheat;0,684
Durum wheat, whole, raw;1,23
Wheat, whole, pre-cooked, raw;1,23
Durum wheat pre-cooked, whole grain, cooked, unsalted;0,696
Wheat, whole, raw;0,684
Wheat bulgur, raw;0,949
Wheat bulgur, cooked, unsalted;0,557
Couscous (durum wheat semolina pre-cooked with steam), raw;1,48
Couscous (durum wheat semolina pre-cooked with steam), cooked, unsalted;0,788
Spelt, raw;0,949
Frik (crushed immature durum wheat), raw;1,47
Frik (crushed immature durum wheat), cooked, unsalted;0,788
Gnocchi, from potato, raw;0,938
Gnocchi, from potato, cooked;1,09
Gnocchi, from semolina, raw;0,938
Gnocchi, from semolina, cooked;1,09
Corn or maize grain, raw;0,569
Mix of cereals and legumes, raw;0,626
Millet, whole;0,674
Millet, cooked, unsalted;0,31
Asian noodles, flavoured, dehydrated;1,68
Asian noodles, flavoured, cooked;1,49
Asian noodles, plain, cooked, unsalted;1,49
Barley, whole, raw;0,586
Pearled barley, boiled/cooked in water, unsalted;0,4
Pearled barley, raw;0,586
Fresh egg pasta, raw;1,05
Fresh egg pasta, cooked, unsalted;1,51
Dried pasta, raw;1,98
Dried pasta, cooked, unsalted;1,02
Dried pasta, wholemeal, raw;1,87
Dried pasta, wholemeal, cooked, unsalted;1,15
Dried egg pasta, raw;1,86
Dried egg pasta, cooked, unsalted;1,51
Dried pasta, gluten-free, raw;1,39
Dried pasta, gluten-free, cooked, unsalted;0,894
Polenta or maize semolina, cooked, unsalted;0,662
Polenta or Maize/corn semolina, pre-cooked, dried;1,47
Quinoa FR, raw;7,09
Quinoa FR, boiled/cooked in water, unsalted;3,27
Quinoa, raw;5,85
Quinoa, boiled/cooked in water, unsalted;2,73
Rice, parboiled, raw;2,01
Rice, parboiled, cooked, unsalted;1,16
Rice, raw;2,01
Rice, cooked, unsalted;1,16
Rice, brown, raw;2,01
Rice, brown, cooked, unsalted;1,16
Rice, red, raw;2,01
Rice, red, cooked, unsalted;1,16
Wild rice, raw;2,01
Wild rice, cooked, unsalted;1,16
Basmati rice, raw;2,86
Rice, mix of species (white, wholegrain, wild, red,etc.), raw;2,01
Buckwheat, whole, raw;0,949
Rye, whole, raw;0,533
Durum wheat semolina, raw;1,75
Sorghum, whole, raw;0,427
Rice noodle, cooked, unsalted (software version - with packaging error);1,35
Rice noodle, cooked, unsalted (packaging fixed);1,54
Rice noodle, dried;1,56
Coconut bar, with chocolate coating;5,32
Toblerone milk cholcolate bar w nougat;5,32
Chocolate bar with dried fruits;5,32
Chocolate bar with biscuit;7,25
Coated chocolate bar without biscuit;6,18
Chocolate snack bar, dairy filling;7,25
Chocolate snack bar, dairy filling with sponge cake;7,25
Chocolate confectionery or bar, with dairy filling;7,25
Chocolate confectionery, filled with wafer;10,5
Chocolate confectionery, filled with nuts and/or praline;10,5
Sugar and chocolate coated peanut;9,78
Milk chocolate bar, with puffed/popped cereals;12,6
Milk chocolate bar, with dried fruits (nuts, almonds, raisins, praline);11,1
Milk chocolate, filled;12,8
Milk chocolate bar, filled with praline;12,6
Milk chocolate bar, without sugar, with sweeteners;12,6
Milk chocolate bar;12,6
White chocolate bar, with dried fruits (nuts, almonds, raisins, praline);11,5
White chocolate bar;11,5
Dark chocolate bar, more than 40% cocoa, for cooking;15,4
Dark chocolate bar, more than 70% cocoa;19,1
Dark chocolate bar, less than 70% cocoa;19,1
Dark chocolate bar, with fruits (orange, raspberries, pear);5,32
Dark chocolate bar, with dried fruits (nuts, almonds, raisin, praline);13,2
Dark chocolate, filled with mint confectionery;19,3
Dark chocolate bar, filled with praline;19,1
Dark chocolate bar, without sugar and with artificial sweeteners;19,1
Chocolate confectionery, sugar coated;10,5
Chocolate spread with hazelnuts;9,11
Chocolate and nut confectionery filled with praline;10,5
Soft caramel candy;2,12
Hard candy and lollipop;1,62
Jelly candy;1,49
Candies, all types;1,41
Melon and almond Candy on a unleavened bread layer;0,859
Sugar-coated almond;1,77
Candies, marshmallows;1,52
Nougat;2,05
Fruit jelly;1,39
Jam, apricot;1,69
Jam, cherry;2,2
Jam, strawberry;1,75
Jam, raspberry;2,22
Dulce de leche or confiture de lait;2,06
Jam, reduced sugar;1,75
Marmalade, orange;1,4
Saccharin sweetener;0,746
Fructose;1,92
Cane molasses;1,04
Honey;1,57
Sugar, white;0,746
Sugar, brown;1,04
Sugar, vanilla flavoured;1,03
Beef, meat balls, cooked;32,2
Lamb on skewer;52,5
Beef on skewer;37
Pork on skewer, raw;4,65
Poultry on skewer;7,61
Mixed meat on skewer;4,74
Escalope cordon bleu (topped with a ham slice and Gruyere sauce);5,44
Milanese-style turkey escalope or breaded veal escalope;5,22
Burger, beef based, 15% fat, raw;17,5
Chicken, nugget, breaded croquette;3,87
Turkey, breaded escalope;7,41
Chicken, marinated wing, roasted/baked;7,8
Veal, bread escalope, cooked;23,1
Poultry nuggets;3,87
Chitterling sausage;11,9
Chitterling sausage from Gu‚m‚n‚;11,9
Chitterling sausage from Vire;11,9
Chitterling sausage, pan-reheated;11,9
Chitterling sausage from Troyes, raw;11,8
Chitterling sausage, raw;11,8
Chitterling sausage, saut‚ed/pan-fried;11,9
White pudding, truffled, raw;12,1
Black pudding (blood sausage), refrigerated;2,11
Black pudding (blood sausage), saut‚ed/pan-fried;2,11
Bresaola;13,6
Duck breast fillet, smoked;16,1
Saveloy or cervelat;7,16
Saveloy or cervelat, pure pork with garlic;5,3
Saveloy or cervelat (from Obernai Alsace);5,3
Sausage meat, raw;6,23
Sausage meat, pork and beef, raw;5,39
Sausage meat, pure pork, raw;5,39
Chipolata slim sausage, raw;5,39
Chipolata sausage, cooked;7,23
Spicy pork sausage with red pepper, no precision;7,42
Spicy pork sausage with red pepper, in large slices;7,42
Dry spicy pork sausage with red pepper;7,33
Preserved duck;6,33
Duck confit (conserved in rendered fat), meat (leg) without skin, reheated;7,76
Preserved pork liver;3,73
Preserved poultry liver;2,42
Coppa;13,6
Ham in cube, grated or minced;7,66
Poultry ham in cube, grated or minced;5,91
Diot (sausage from Savoy), raw;5,27
Cooked pork shoulder, choice;7,65
Cooked pork shoulder, standard, rind less and fatless;7,65
Bacon, back;8,36
Block duck foie gras, pasteurized;24,7
Whole duck foie gras, pasteurized;28,9
Head-cheese pƒt‚ or brawn;5,51
Poultry, minced meat;7,47
Braised ham on the bone;9,66
Cured ham, raw;13,6
Cured ham, raw, smoked;13,6
Cured ham, raw, smoked, reduced fat;13,6
Cooked ham, choice;7,65
Cooked ham, choice, w rind;7,65
Cooked ham, choice, rind less and fatless;7,65
Cooked ham, Parisian-style, rind less and fatless;7,65
Cooked ham, smoked;7,65
Cooked ham, superior quality;7,65
Cooked ham, superior quality, reduced salt;7,65
Cooked ham, superior quality, with rind;7,65
Cooked ham, superior quality, rind less;7,65
Cooked ham, superior quality, rind less and fatless;7,65
Bayonne Cured ham, raw, smoked;13,6
Turkey cooked ham, in slices;5,9
Pork ham, intended to be cooked or pork ham, intended to be roast/bake;7,12
Chicken cooked ham, in slices;5,9
Ham, in a pastry crusty;5,89
Dry-cured ham;13,6
Parma dry-cured ham;13,6
Serrano dry-cured ham;13,6
Dry-cured ham, fat and rind removed;13,6
Knuckle of ham, cooked;7,65
Smoked lardoons, raw;7,12
Smoked lardoons, cooked;9,08
Lardoons, raw;7,12
Lardoons, cooked;9,08
Merguez sausage, beef and mutton, raw;40,5
Merguez sausage, beef and mutton, cooked;40,5
Merguez sausage, beef, mutton and pork, raw;32,3
Merguez sausage, raw;23,9
Merguez sausage, pork and beef, raw;23,9
Merguez sausage, pure beef, raw;31,6
Mortadella;6,91
Mortadella with pistachios, pure pork;6,91
Pork and beef mortadella;6,91
Mortadella, pure pork;6,91
Duck mousse;7,45
Pork liver mousse;2,99
Pork liver mousse, superior quality;2,99
Ox muzzle in salad dressing sauce;23,2
Pork snout in salad dressing sauce;2,91
Pork ear sat-cured;3,61
Pancetta, dried;13,6
Pƒt‚ w green pepper;4,82
Breton pƒt‚;4,73
Pork liver pƒt‚;2,81
Pork liver pƒt‚, superior quality;2,82
Poultry liver pƒt‚;2,4
Goose liver pƒt‚;2,49
Game pƒt‚;4,73
Rabbit pƒt‚;5,63
Pƒt‚ in crust;11,3
Country-style pƒt‚ with mushrooms;4,08
Country-style pƒt‚ or terrine;4,73
Pork trotters salt-cured;4,6
Pork belly salt-cured;8,4
Pork belly, smoked, raw;6,58
Fish quenelle, raw;5,76
Fish quenelle, in sauce;5,84
Veal quenelle, in sauce;6,76
Poultry quenelle, raw;5,28
Poultry quenelle, in sauce;5,37
Quenelle, plain, raw;2,42
Rillettes, duck;6,51
Rillettes, poultry;5,68
Rillettes from Tours;7,87
Rillettes, goose;3,49
Rillettes from Mans;7,58
Rillettes, pure goose;3,49
Rillettes, pure pork;7,42
Rillettes, pork;7,42
Round of ham, cooked;7,65
Rosette dry sausage;8,25
Salt curing roast poultry, cooked;7,89
Rolled escalope of pork with pistachios;7,36
Salami;8,25
Salami, pork and beef;8,34
Salami, pure pork;8,25
Salami, Danish-style;8,25
Smoked Alsatian sausage or Landj„ger;5,37
Cocktail sausage;12,3
Beer sausage;5,54
Liver sausage;11,8
Frankfurter sausage;5,38
Ham sausage;5,54
Montbeliard sausage;5,37
Morteaux sausage;5,37
Morteaux sausage, boiled/cooked in water;5,37
Strasbourg sausage;12,4
Toulouse sausage, raw;12
Toulouse sausage, cooked;12,3
Poultry sausage, delicatessen style;12,5
Poultry sausage;15,1
Sausage, dried;7,41
Viennese sausage, pork and veal, raw;11,9
Garlic sausage;9,42
Sausage in a brioche crust, cooked;4,88
Cooked sausage, pure pork;9,64
Sausage from Paris;8,15
Sausage from Paris, smoked;8,15
Dry sausage;7,33
Dry sausage w walnuts and/or hazelnuts;7,41
Dry sausage, pure pork;7,33
Dry sausage, pure pork, superior quality;7,33
Duck terrine;6,1
Rabbit terrine;5,8
Squid, raw;6,11
Scallop, with coral, raw;9,89
Scallop, without coral, raw;9,89
deep water pink shrimp, raw;20,4
Shrimp or prawn, raw;20,4
Shrimp, frozen, raw;19,9
Pacific oyster, raw;5,33
European oyster, raw;5,33
Oyster, raw;5,33
Norway lobster, raw;39,2
Mussel, common, raw;5,33
Mediterranean mussel, raw;5,33
American or Canadian sea scallop, without coral, raw;9,89
Peru sea scallop, without coral, raw;9,89
Squid, boiled/cooked in water;6,86
Squid, fried or pan-fried with fat;6,78
Scallop, with coral, cooked;11,8
Crab, boiled/cooked in water;33
Shrimp or prawn, cooked;25,7
Lobster, boiled/cooked in water;41,6
Mussel, boiled/cooked in water;5,92
Duck egg, raw;1,88
Turkey egg, raw;1,88
Goose egg, raw;1,88
Egg, soft-boiled;2,74
Egg, fried without added fat;2,4
Egg white, raw;2,07
Egg white, cooked;2,6
Egg white, powder;12,1
Egg, scrambled, with added fat;3,44
Egg, raw;1,88
Egg, hard-boiled;2,74
Egg, powder;6,66
Egg yolk, raw;2,07
Egg yolk, cooked;2,6
Egg yolk, powder;3,68
Egg, poached;2,74
Omelette, with cheese;2,9
Omelette, with mushrooms;3,69
Omelette, with herbs;2
Omelette, with lardoons;3,71
Spanish-style tortilla with onions (omelette with potatoes and onions);1,17
Common anchovy, raw;2,51
Mediterranean bass, raw, farmed;12,3
Mediterranean bass, raw, wild;10,1
European bass, raw;12,3
Atlantic bass, raw;12,3
American bass, raw;12,3
Bogue, raw;1,81
Bonito, raw;9,38
Freshwater bream, raw;12,3
Cod, raw;12
Capelin, raw;9,38
Crevalle jack, raw;4,69
Megrim, raw;12
Carp, raw, farmed;6,17
Horse mackerel, oily (autumn, winter), raw;2,62
Horse mackerel, lean (spring, summer), raw;2,62
Horse mackerel, raw;2,62
Conger, raw;12
Brown meagre, raw;4,69
Bigeye scad, raw;2,62
Common dentex, raw;12
Black seabream, raw;7,48
Blackspot seabream, raw;7,48
Gilthead seabream, raw, farmed;12,3
Gilthead seabream, raw, wild;10,1
Haddock, raw;12
Blue shark, fillet, without skin, raw;12
Pond smelt, raw;2,28
Swordfish, raw;4,69
Atlantic halibut, raw;4,69
Greenland halibut, raw;12
Roundnose grenadier, raw;12
Blue grenadier, raw;7,59
Tub gurnard, raw;12
Red gurnard, raw;7,48
Atlantic herring, oily, raw;2,68
Atlantic herring, lean, raw;2,68
Atlantic herring, raw;2,68
Grenadier, from any fishing spot, raw;12
Big-scale sand smelt (whole small fish), to fry, raw;1,81
Ling, raw;12
Pollack, raw;12
Saithe, raw;8,29
Saithe, frozen, raw;8,55
Alaska pollock, raw;12
Common dab, raw;12
Lemon sole, raw;12
Blue ling, raw;12
Anglerfish, raw;12
Spotted wolffish;12
Atlantic chub mackerel, raw;2,62
Mackerel, raw;2,62
Whiting, raw;12
Shallow-water Cape hake, raw;8,05
European hake, raw;7,59
Hake, fillet, frozen, raw;7,85
Grouper, raw;4,69
Cod, salted, dried;12
Mullet, raw;12
Arctic char, raw;5,4
Garfish, raw;2,28
Brown bullhead, raw;12,3
Nile perch, raw;6,17
European perch, raw;5,4
European plaice, raw;12
Ray, raw;12
Spiny scorpionfish, raw;12
Shark, raw;12
Surmullet or red mullet, raw;7,48
Surmullet or red mullet, steamed;9,22
Surmullet or red mullet, fillet with skin, frozen, raw (from Thailand or Senegal);8,07
Nursehound or lesser spotted dogfish, raw;12
Largehead hairtail, raw;12
John dory, raw;12
European pilchard or sardine, raw;2,28
Salmon, raw, farmed;5,55
Salema, raw;7,48
Golden redfish, raw;12
Tonguesole, raw;7,48
Common sole, raw;7,48
European sprat, raw;2,28
Pouting, raw;12
Yellowfin tuna, raw;4,98
Albacore, raw;9,38
Skipjack tuna, raw;4,95
Tuna, raw;4,98
Rainbow trout, raw, farmed;6,17
Sea trout, raw;6,17
Trout, farmed, raw;5,68
Salmon trout, raw;6,17
Turbot, raw, farmed;12,3
Turbot, raw, wild;10,1
Turbot, raw;12,3
Snapper, raw;4,69
European bass, roasted/baked;15,2
Cod, steamed;14,8
Cod, roasted/baked;14,8
Carp, roasted/baked;7,62
European plaice, steamed;14,8
Black seabream, roasted/baked;9,22
Haddock, steamed;14,8
Haddock, grilled/pan-fried;14,8
Swordfish, roasted/baked;5,82
Greenland halibut, steamed;14,8
Haddock, smoked;12
Atlantic herring, smoked, in oil (software version - with packaging error);2,67
Atlantic herring, smoked, in oil (packaging fixed);3,17
Atlantic herring, smoked, plain (software version - with packaging error);2,67
Atlantic herring, smoked, plain (packaging fixed);3,17
Atlantic herring, smoked, fillet (software version - with packaging error);2,67
Atlantic herring, smoked, fillet (packaging fixed);3,17
Atlantic herring, fried;3,4
Atlantic herring, grilled/pan-fried;3,4
Ling, cooked;14,8
Saithe, cooked;10,2
Alaska pollock, smoked;12
Lemon sole, steamed;14,8
Anglerfish, grilled;14,8
Mackerel, fried;3,33
Mackerel, smoked;2,61
Mackerel, roasted/baked;3,29
Whiting, steamed;14,8
Whiting, fried;14,8
European hake, braised;9,36
Cod, salted, boiled/cooked in water;14,8
Mullet, roasted/baked;14,8
Pangasius, filets, cooked;18,1
European perch, roasted/baked;6,68
Ray, cooked in an aromatic stock;14,8
Ray, roasted/baked;14,8
Spiny scorpionfish, steamed;14,8
Nursehound or lesser spotted dogfish, cooked;14,8
European pilchard or sardine, grilled;2,87
Salmon, smoked (software version - with packaging error);7,36
Salmon, smoked (packaging fixed);7,85
Salmon, boiled/cooked in water, farmed;7,01
Salmon, steamed;6,87
Salmon, microwaved, farmed;6,79
Salmon, farmed, roasted/baked;6,87
Salmon, grilled/pan-fried;6,91
Common sole, boiled/cooked in water;9,22
Common sole, steamed;9,22
Common sole, fried;9,25
Common sole, grilled;9,22
Common sole, roasted/baked;7,48
Tuna, roasted/baked;6,17
Rainbow trout, farmed, steamed;7,62
Rainbow trout, farmed, roasted/baked;7,62
Trout, farmed, smoked (software version - with packaging error);6,58
Trout, farmed, smoked (packaging fixed);7,07
Trout, steamed;7,03
Trout, roasted/baked;7,03
Turbot, roasted/baked;15,2
Snapper, cooked;5,82
Caribbean-style fish fritters, fish acras;5,92
Anchovy, in salt (semi-preserved);2,6
Common anchovy, marinated;2,24
Anchovy, fillets, in oil, semi-preserved, drained;9,62
Anchovy, fillets, rolled with capers, semi-preserved, drained;2,81
Shrimp fritters;9,61
Squid fritter, Roman-style;6,03
Salmon carpaccio, w marinade;6,11
European plaice, breaded, fried;14,9
Snail in parsley butter, cooked;5,03
Atlantic herring, marinated, or rollmops;2,78
Lemon sole, breaded, fried;14,9
Mackerel, canned in brine, drained;4,55
Mackerel, fillet, in white wine, canned, drained;4,54
Mackerel, fillet, in mustard sauce, canned, drained;4,55
Mackerel, fillet, in tomato sauce, canned, drained;4,55
Mackerel, marinated;2,72
Whiting, breaded;14,9
Tuna, flaked, in tomato sauce, canned, drained;5,99
Tuna, flaked, in oil, canned, drained;6,75
Mussel, canned, drained;7,03
Mussels, in Catalan-style sauce or marinade (tomatoes), canned, drained;4,95
Pilchard, in tomato sauce, canned, drained;2,78
Fish, breaded, fried;9,23
Fish, breaded, frozen, raw;8,84
Fish, croquette, fritter or nuggets, fried;8,84
Rillettes, mackerel;7,96
Rillette, fish;3,55
Rillettes, salmon;7,96
Rillettes, tuna;3,55
European pilchard or sardine, in olive oil, canned, drained;3,77
European pilchard or sardine, in oil, canned, drained (software version - with packaging error);2,78
European pilchard or sardine, in oil, canned, drained (packaging fixed);2,68
European pilchard or sardine, fillets without fishbone, in olive oil, canned, drained;2,78
European pilchard or sardine, in tomato sauce, canned, drained;2,78
Salmon, canned, drained;9,1
Surimi, on sticks, in slices or grated, crab flavour;7,57
Surimi, filled w cheese;7,57
Taramasalata, prepacked;1,96
Seafood terrine, with or without fish;8,57
Fish terrine;8,57
Tuna, in sunflower oil, canned, drained;6,47
Yellowfin tuna, canned in brine, drained;6,26
Albacore, in olive oil, canned, drained;10,1
Albacore, steamed under pressure;11,7
Tuna, in Catalan-style or in tomato sauce, canned;6,47
Tuna, plain, canned, drained;5,88
Plant-based sausage with wheat or seitan;2,51
Plant-based sausage with tofu (vegan);1,68
Plant-based ham, prepacked;2,17
Soy-based sliced;1,91
Soy protein, textured, rehydrated, from soy flour;0,54
Soy protein, textured, dehydrated, from soy flour;1,31
Plant-based sausage with tofu (not vegan);2,26
Vegetable Hot-dog sausage;2,21
Seitan;1,82
Plant-based pate, prepacked;3,93
Tofu, smoked;2,13
Lamb, neck, raw;41,3
Lamb, chop fillet, raw;41,3
Lamb, rib chop, raw;41,3
Lamb, cutlet, raw;41,3
Lamb, shoulder, raw;33
Lamb, shoulder, lean, raw;33
Lamb, leg, raw;41,3
Lamb, saddle, raw;41,3
Beef, stewing meat, raw;28,9
Beef, flank steak, raw;28,9
Beef, bolar-blade, raw;28,9
Beef, rib, raw;29,1
Beef, rib steak, raw;29,1
Beef, shoulder, raw;28,9
Beef, sirloin steak, raw;28,9
Beef, round, raw;28,9
Beef, thin flank, raw;28,9
Beef, knuckle, raw;29,1
Beef, cheek, raw;28,9
Beef, hanger steak, raw;28,9
Beef, chuck, raw;36,2
Beef, short ribs, raw;29,1
Beef, rump steak, raw;28,9
Beef, minced steak, 10% fat, raw;35,7
Beef, minced steak, 15% fat, raw;35,7
Beef, minced steak, 20% fat, raw;35,7
Beef, minced steak, 5% fat, raw;35,7
Beef, steak or beef steak, raw;28,9
Beef, topside, raw;28,9
Duck, leg, meat and skin, raw;4,68
Duck, breast fillet;14,6
Duck, meat and skin, raw;7,59
Duck, meat, raw;8,06
Brain, lamb, raw;21,6
Brain, pork, raw;2,79
Brain, calf, raw;22,6
Capon, meat and skin, raw;5,78
Young goat, raw;41,3
Heart, lamb, raw;21,6
Heart, beef, raw;22,9
Heart, turkey, raw;1,5
Heart, pork, raw;2,79
Heart, chicken, raw;1,5
Heart, veal, raw;22,6
Turkey, wing, raw;5,78
Turkey, leg, meat and skin, raw;5,78
Turkey, leg, meat only, raw;5,78
Turkey, escalope, raw;5,58
Turkey, meat and skin, raw;4,56
Turkey, meat, raw;4,56
Liver, lamb, raw;21,6
Liver, duck, raw;24
Liver, turkey, raw;1,5
Liver, young cow, raw;22,9
Liver, rabbit, raw;1,5
Liver, goose, raw;1,5
Liver, pork, raw;2,79
Liver, chicken, raw;1,5
Liver, calf, raw;22,6
Liver, poultry, raw;1,5
Gizzard, chicken, raw;1,5
Tongue, beef, raw;22,9
Tongue, pork, raw;2,79
Tongue, calf, raw;22,6
Rabbit, wild, meat, raw;5,78
Rabbit, meat, raw;5,78
Mutton, shoulder, raw;33
Mutton, leg, raw;41,3
Sheep, foot, raw;27,1
Sheep, head, raw;27,1
Mutton, meat, raw;33
Goose, meat, raw;5,31
Goose, meat and skin, raw;5,31
Guinea fowl, raw;5,78
Guinea fowl, leg, raw;5,78
Guinea fowl, breast, raw;5,58
Pork, back fat, rindless, raw;1,73
Pork, rack, raw;6,78
Pork, chop, raw;6,78
Pork, loin, raw;6,58
Pork, shoulder, raw;6,78
Pork, ham escalope, raw;6,58
Pork filet mignon, raw;6,58
Pork tenderloin, lean, raw;6,58
Pork, jowl, rindless, raw;6,58
Pork, shoulder lower half, without rind, fat and bone, raw;6,58
Pork, way leg, without rind, fat and bone, raw;8,3
Pork, knuckle oh ham, without rind, fat and bone, raw;6,78
Pork, knuckle or shank, raw;6,78
Pork loin, raw;6,58
Pork, 80/20 trimming, raw;6,58
Pork, 90/10 trimming, raw;6,58
Pork, shoulder upper half, without rind, fat and bone, raw;6,58
Pork, belly, flank removed, raw;6,58
Pork, belly, raw;6,58
Prok, eye of shortloin, raw;6,58
Pork, roast, raw;6,58
Pork, round steak, raw;6,58
Pork, spare-ribs, raw;6,78
Chicken, stewing, leg, raw;5,78
Hen, meat only, raw;5,78
Hen, meat and skin, raw;5,78
Chicken, white race, meat and skin, raw;5,78
Chicken, eviscerated without offal, raw;5,31
Chicken, free-range, meat and skin, raw;5,78
Chicken, wing, meat and skin, raw;5,78
Chicken, leg, meat and skin, raw;5,78
Chicken, leg, meat, raw;5,78
Chicken, breast, without skin, raw;5,58
Chicken high leg, meat, raw;5,78
Chicken, drumstick, raw;5,78
Chicken, breast, meat and skin, raw;5,58
Chicken, meat and skin, raw;4,18
Chicken, meat, raw;4,56
Sweetbread, lamb, raw;27,1
Sweetbread, calf, raw;28,3
Kidney, lamb, raw;21,6
Kidney, beef, raw;22,9
Kidney, pork, raw;2,79
Kidney, calf, raw;22,6
Blood, beef, raw;28,7
Tripe, beef, raw;28,7
Veal, loin, raw;18,6
Veal, neck, raw;23,3
Veal, chop, raw;23,3
Veal, shoulder, raw;18,6
Veal, escalope, raw;23,2
Veal fillet, raw;23,2
Veal, knuckle or shank, raw;23,3
Veal, tenderloin, raw;23,2
Calf, foot, raw;23,3
Veal, breast, raw;18,6
Veal, roast, raw;29
Veal, minced steak, 15% fat, raw;28,6
Veal, minced steak, 20% fat, raw;28,6
Lamb, neck, braised or boiled;52,3
Lamb, chop fillet, grilled/pan-fried;52,4
Lamb, rib chop, grilled/pan-fried;52,4
Lamb cutlet, grilled;52,4
Lamb, shoulder, lean, roasted/baked;41,8
Lamb, shoulder, roasted/baked;41,8
Lamb, leg, braised;52,3
Lamb, leg, grilled/pan-fried;52,4
Lamb, leg, roasted/baked;52,3
Lamb, saddle, grilled/pan-fried;52,4
Lamb, saddle, lean, roasted/baked;52,3
Beef, stewing meat, cooked;36,6
Beef, flank steak, grilled/pan-fried;36,7
Beef, bolar-blade, grilled/pan-fried;36,7
Beef, bolar-blade, roasted/baked;36,6
Beef, braised;36,6
Beef, neck, braised;45,9
Beef, rib steak, lean, grilled/pan-fried;36,9
Beef, sirloin steak, grilled/pan-fried;36,7
Beef, sirloin steak, roasted/baked;36,6
Beef, round, cooked;36,6
Beef, thin flank, grilled/pan-fried;36,7
Beef, knuckle, boiled/cooked in water;37
Beef, cheek, braised or boiled;29,5
Beef, hanger steak, grilled;36,6
Beef, chuck, braised or boiled;46
Beef, short ribs, braised;36,8
Beef, oxtail, boiled/cooked in water;37
Beef, roast beef, roasted/baked;36,6
Beef, rump steak, grilled;36,6
Beef, minced steak, 10% fat, cooked;45,2
Beef, minced steak, 15% fat, cooked;45,2
Beef, minced steak, 20% fat, cooked;45,2
Beef, minced steak, 5% fat, cooked;45,2
Beef, steak or beef steak, grilled;36,6
Beef, topside, grilled/pan-fried;36,7
Beef, topside, roasted/baked;36,6
Quail, meat and skin, cooked;7,75
Duck, magret, cooked in pan;14,6
Duck, meat and skin, roasted/baked;10,8
Duck, meat, roasted/baked;10,8
Brain, lamb, cooked;29,7
Brain, pork, braised;3,91
Brain, calf, cooked;31
Capon, meat and skin, roasted/baked;7,75
Young goat, cooked;52,4
Heart, lamb, cooked;29,7
Heart, beef, cooked;31,5
Heart, turkey, cooked;2,14
Heart, chicken, cooked;2,14
Turkey, escalope, roasted/baked;7,48
Turkey, escalope, saut‚ed/pan-fried, with salt;7,53
Turkey, meat, roasted/baked;6,13
Pheasant, meat, roasted/baked;7,75
Liver, lamb, cooked;29,7
Liver, turkey, cooked;2,14
Liver, young cow, cooked;31,5
Liver, pork, cooked;3,91
Liver, chicken, cooked;2,14
Liver, calf, cooked;31
Tongue, beef, cooked;31,5
Tongue, calf, cooked;31
Rabbit, wild, meat, cooked;7,75
Rabbit, meat, braised;7,75
Rabbit, meat, cooked;7,75
Goose, meat and skin, roasted/baked;7,75
Goose, meat, roasted/baked;7,75
Pigeon, meat, roasted/baked;7,75
Pork, rack, cooked;8,65
Pork, chop, grilled;8,65
Pork, loin, roasted/baked;8,4
Pork, shoulder, cooked;8,65
Pork, ham escalope, cooked;8,4
Pork filet mignon, cooked;8,4
Pork tenderloin roast, cooked;8,4
Pork loin, cooked;8,4
Pork, roast, cooked;8,4
Pork, round steak, cooked;8,4
Pork, spare-ribs, braised;8,65
Chicken, wing, meat and skin, roasted/baked;7,75
Chicken, leg, meat and skin, boiled/cooked in water;7,75
Chicken, leg, meat and skin, roasted/baked;7,75
Chicken leg, meat, boiled/cooked in water;7,75
Chicken leg, meat, roasted/baked;7,75
Chicken, breast, without skin, cooked;7,48
Chicken, breast, meat and skin, roasted/baked;7,48
Chicken, meat and skin, roasted/baked;6,13
Sweetbread, lamb, cooked;37,2
Sweetbread, calf, saut‚ed/pan-fried;38,9
Kidney, lamb, braised;29,7
Kidney, beef, cooked;31,5
Kidney, pork, cooked;3,91
Kidney, veal, saut‚ed/pan-fried;31,1
Veal, loin, saut‚ed/pan-fried;23,6
Veal, neck, braised or boiled;29,7
Veal, chop, grilled/pan-fried;29,6
Veal, shoulder, braised/boiled;23,7
Veal, shoulder, grilled/pan-fried;23,6
Veal, escalope, cooked;29,4
Veal fillet, roasted/baked;29,4
Veal, knuckle or shank, braised or boiled;29,7
Veal, tenderloin, grilled/pan-fried;29,4
Veal, tenderloin, roasted;29,4
Veal, roast, cooked;36,8
Calf, head, boiled/cooked in water;29,7
